temp,feels_like,pressure,humidity,lat,lon,pm10,download_timestamp
0.84,-0.72,1018,50,49.17035070524409,19.76220706945233,3.68,20260322_115055
3.35,2.11,1018,50,49.17035070524409,19.802564442853914,3.9,20260322_115055
1.74,0.23,1018,51,49.17035070524409,19.842921816255497,3.9,20260322_115055
2.31,0.85,1018,51,49.17035070524409,19.88327918965708,3.9,20260322_115055
4.86,3.7,1018,51,49.17035070524409,19.923636563058665,3.9,20260322_115055
2.3,0.71,1018,52,49.17035070524409,19.963993936460252,3.9,20260322_115055
0.69,-1.21,1018,52,49.17035070524409,20.004351309861836,3.97,20260322_115055
-1.51,-4.29,1018,53,49.17035070524409,20.04470868326342,3.97,20260322_115055
-0.77,-3.43,1018,54,49.17035070524409,20.085066056665003,3.97,20260322_115055
0.16,-2.34,1018,55,49.17035070524409,20.125423430066586,3.97,20260322_115055
1.0,-0.36,1018,51,49.18581791334477,19.76220706945233,3.68,20260322_115055
1.57,0.24,1018,51,49.18581791334477,19.802564442853914,3.9,20260322_115055
2.18,0.9,1018,51,49.18581791334477,19.842921816255497,3.9,20260322_115055
1.78,0.4,1018,51,49.18581791334477,19.88327918965708,3.9,20260322_115055
2.44,1.06,1018,52,49.18581791334477,19.923636563058665,3.9,20260322_115055
0.65,-1.06,1018,52,49.18581791334477,19.963993936460252,3.9,20260322_115055
3.23,1.8,1018,52,49.18581791334477,20.004351309861836,3.97,20260322_115055
0.19,-2.31,1018,53,49.18581791334477,20.04470868326342,3.97,20260322_115055
1.43,-0.86,1018,55,49.18581791334477,20.085066056665003,3.97,20260322_115055
3.04,1.02,1018,55,49.18581791334477,20.125423430066586,3.97,20260322_115055
2.04,2.04,1018,51,49.20128512144546,19.76220706945233,3.76,20260322_115055
4.39,4.39,1018,51,49.20128512144546,19.802564442853914,4.04,20260322_115055
2.4,2.4,1018,52,49.20128512144546,19.842921816255497,4.04,20260322_115055
0.79,0.79,1018,52,49.20128512144546,19.88327918965708,4.04,20260322_115055
5.14,4.28,1018,52,49.20128512144546,19.923636563058665,4.04,20260322_115055
1.16,-0.32,1018,52,49.20128512144546,19.963993936460252,4.04,20260322_115055
0.37,-1.35,1018,52,49.20128512144546,20.004351309861836,4.27,20260322_115055
-1.2,-3.27,1018,53,49.20128512144546,20.04470868326342,4.27,20260322_115055
2.83,0.77,1018,56,49.20128512144546,20.085066056665003,4.27,20260322_115055
3.01,0.98,1018,55,49.20128512144546,20.125423430066586,4.27,20260322_115055
2.04,2.04,1018,51,49.21675232954614,19.76220706945233,3.76,20260322_115055
4.39,4.39,1018,51,49.21675232954614,19.802564442853914,4.04,20260322_115055
2.4,2.4,1018,52,49.21675232954614,19.842921816255497,4.04,20260322_115055
4.05,4.05,1018,52,49.21675232954614,19.88327918965708,4.04,20260322_115055
2.25,1.01,1018,52,49.21675232954614,19.923636563058665,4.04,20260322_115055
2.48,1.18,1018,52,49.21675232954614,19.963993936460252,4.04,20260322_115055
0.07,-1.69,1018,52,49.21675232954614,20.004351309861836,4.27,20260322_115055
4.73,3.52,1018,53,49.21675232954614,20.04470868326342,4.27,20260322_115055
6.08,4.57,1018,56,49.21675232954614,20.085066056665003,4.27,20260322_115055
2.41,0.28,1018,56,49.21675232954614,20.125423430066586,4.27,20260322_115055
3.38,3.38,1018,52,49.23221953764683,19.76220706945233,3.76,20260322_115055
4.44,4.44,1018,52,49.23221953764683,19.802564442853914,4.04,20260322_115055
2.4,2.4,1018,52,49.23221953764683,19.842921816255497,4.04,20260322_115055
6.16,6.16,1018,52,49.23221953764683,19.88327918965708,4.04,20260322_115055
0.58,0.58,1018,53,49.23221953764683,19.923636563058665,4.04,20260322_115055
1.44,1.44,1018,53,49.23221953764683,19.963993936460252,4.04,20260322_115055
3.86,2.77,1018,53,49.23221953764683,20.004351309861836,4.27,20260322_115055
1.15,-0.47,1018,53,49.23221953764683,20.04470868326342,4.27,20260322_115055
6.6,5.4,1018,56,49.23221953764683,20.085066056665003,4.27,20260322_115055
4.6,2.84,1018,56,49.23221953764683,20.125423430066586,4.27,20260322_115055
3.38,3.38,1018,52,49.24768674574751,19.76220706945233,3.76,20260322_115055
4.44,4.44,1018,52,49.24768674574751,19.802564442853914,4.04,20260322_115055
2.4,2.4,1018,52,49.24768674574751,19.842921816255497,4.04,20260322_115055
6.16,6.16,1018,52,49.24768674574751,19.88327918965708,4.04,20260322_115055
2.51,2.51,1018,53,49.24768674574751,19.923636563058665,4.04,20260322_115055
5.34,5.34,1018,53,49.24768674574751,19.963993936460252,4.04,20260322_115055
4.38,3.36,1018,53,49.24768674574751,20.004351309861836,4.27,20260322_115055
3.37,2.06,1018,53,49.24768674574751,20.04470868326342,4.27,20260322_115055
5.9,4.59,1018,53,49.24768674574751,20.085066056665003,4.27,20260322_115055
6.62,5.23,1018,56,49.24768674574751,20.125423430066586,4.27,20260322_115055
6.12,6.12,1018,52,49.263153953848196,19.76220706945233,3.76,20260322_115055
4.27,4.27,1018,52,49.263153953848196,19.802564442853914,4.04,20260322_115055
5.77,5.77,1018,52,49.263153953848196,19.842921816255497,4.04,20260322_115055
6.62,6.62,1018,53,49.263153953848196,19.88327918965708,4.04,20260322_115055
5.16,5.16,1018,53,49.263153953848196,19.923636563058665,4.04,20260322_115055
6.17,6.17,1018,53,49.263153953848196,19.963993936460252,4.04,20260322_115055
6.81,6.81,1018,53,49.263153953848196,20.004351309861836,4.27,20260322_115055
5.98,5.14,1018,53,49.263153953848196,20.04470868326342,4.27,20260322_115055
6.39,5.18,1018,53,49.263153953848196,20.085066056665003,4.27,20260322_115055
7.53,6.28,1018,53,49.263153953848196,20.125423430066586,4.27,20260322_115055
7.46,7.46,1018,53,49.27862116194888,19.76220706945233,3.76,20260322_115055
6.09,6.09,1018,53,49.27862116194888,19.802564442853914,4.04,20260322_115055
6.77,6.77,1018,53,49.27862116194888,19.842921816255497,4.04,20260322_115055
7.16,7.16,1018,53,49.27862116194888,19.88327918965708,4.04,20260322_115055
7.15,7.15,1018,53,49.27862116194888,19.923636563058665,4.04,20260322_115055
8.47,8.47,1018,53,49.27862116194888,19.963993936460252,4.04,20260322_115055
7.53,7.53,1018,53,49.27862116194888,20.004351309861836,4.27,20260322_115055
7.16,6.56,1018,53,49.27862116194888,20.04470868326342,4.27,20260322_115055
8.2,7.26,1018,53,49.27862116194888,20.085066056665003,4.27,20260322_115055
8.25,7.08,1018,53,49.27862116194888,20.125423430066586,4.27,20260322_115055
7.46,7.46,1018,53,49.294088370049565,19.76220706945233,3.76,20260322_115055
6.09,6.09,1018,53,49.294088370049565,19.802564442853914,4.04,20260322_115055
6.77,6.77,1018,53,49.294088370049565,19.842921816255497,4.04,20260322_115055
7.16,7.16,1018,53,49.294088370049565,19.88327918965708,4.04,20260322_115055
7.15,7.15,1018,53,49.294088370049565,19.923636563058665,4.04,20260322_115055
7.8,7.8,1018,53,49.294088370049565,19.963993936460252,4.04,20260322_115055
8.64,8.64,1018,53,49.294088370049565,20.004351309861836,4.27,20260322_115055
8.42,7.99,1018,53,49.294088370049565,20.04470868326342,4.27,20260322_115055
8.57,7.69,1018,53,49.294088370049565,20.085066056665003,4.27,20260322_115055
8.68,7.59,1018,53,49.294088370049565,20.125423430066586,4.27,20260322_115055
7.34,7.34,1018,53,49.309555578150245,19.76220706945233,3.76,20260322_115055
6.72,6.72,1018,53,49.309555578150245,19.802564442853914,4.04,20260322_115055
7.55,7.55,1018,53,49.309555578150245,19.842921816255497,4.04,20260322_115055
6.46,6.46,1018,53,49.309555578150245,19.88327918965708,4.04,20260322_115055
6.46,6.46,1018,53,49.309555578150245,19.923636563058665,4.04,20260322_115055
6.67,6.67,1018,53,49.309555578150245,19.963993936460252,4.04,20260322_115055
8.16,8.16,1018,53,49.309555578150245,20.004351309861836,4.27,20260322_115055
8.86,8.52,1018,53,49.309555578150245,20.04470868326342,4.27,20260322_115055
7.85,6.82,1018,53,49.309555578150245,20.085066056665003,4.27,20260322_115055
8.05,6.8,1018,52,49.309555578150245,20.125423430066586,4.27,20260322_115055
0.84,-0.72,1018,50,49.17035070524409,19.76220706945233,3.68,20260322_115455
3.35,2.11,1018,50,49.17035070524409,19.802564442853914,3.9,20260322_115455
1.74,0.23,1018,51,49.17035070524409,19.842921816255497,3.9,20260322_115455
2.31,0.85,1018,51,49.17035070524409,19.88327918965708,3.9,20260322_115455
4.86,3.7,1018,51,49.17035070524409,19.923636563058665,3.9,20260322_115455
2.3,0.71,1018,52,49.17035070524409,19.963993936460252,3.9,20260322_115455
0.69,-1.21,1018,52,49.17035070524409,20.004351309861836,3.97,20260322_115455
-1.51,-4.29,1018,53,49.17035070524409,20.04470868326342,3.97,20260322_115455
-0.77,-3.43,1018,54,49.17035070524409,20.085066056665003,3.97,20260322_115455
0.16,-2.34,1018,55,49.17035070524409,20.125423430066586,3.97,20260322_115455
1.0,-0.36,1018,51,49.18581791334477,19.76220706945233,3.68,20260322_115455
1.57,0.24,1018,51,49.18581791334477,19.802564442853914,3.9,20260322_115455
2.18,0.9,1018,51,49.18581791334477,19.842921816255497,3.9,20260322_115455
1.78,0.4,1018,51,49.18581791334477,19.88327918965708,3.9,20260322_115455
2.44,1.06,1018,52,49.18581791334477,19.923636563058665,3.9,20260322_115455
0.65,-1.06,1018,52,49.18581791334477,19.963993936460252,3.9,20260322_115455
3.23,1.8,1018,52,49.18581791334477,20.004351309861836,3.97,20260322_115455
0.19,-2.31,1018,53,49.18581791334477,20.04470868326342,3.97,20260322_115455
1.43,-0.86,1018,55,49.18581791334477,20.085066056665003,3.97,20260322_115455
3.04,1.02,1018,55,49.18581791334477,20.125423430066586,3.97,20260322_115455
2.04,2.04,1018,51,49.20128512144546,19.76220706945233,3.76,20260322_115455
4.39,4.39,1018,51,49.20128512144546,19.802564442853914,4.04,20260322_115455
2.4,2.4,1018,52,49.20128512144546,19.842921816255497,4.04,20260322_115455
0.79,0.79,1018,52,49.20128512144546,19.88327918965708,4.04,20260322_115455
5.14,4.28,1018,52,49.20128512144546,19.923636563058665,4.04,20260322_115455
1.16,-0.32,1018,52,49.20128512144546,19.963993936460252,4.04,20260322_115455
0.37,-1.35,1018,52,49.20128512144546,20.004351309861836,4.27,20260322_115455
-1.2,-3.27,1018,53,49.20128512144546,20.04470868326342,4.27,20260322_115455
2.83,0.77,1018,56,49.20128512144546,20.085066056665003,4.27,20260322_115455
3.01,0.98,1018,55,49.20128512144546,20.125423430066586,4.27,20260322_115455
2.04,2.04,1018,51,49.21675232954614,19.76220706945233,3.76,20260322_115455
4.39,4.39,1018,51,49.21675232954614,19.802564442853914,4.04,20260322_115455
2.4,2.4,1018,52,49.21675232954614,19.842921816255497,4.04,20260322_115455
4.05,4.05,1018,52,49.21675232954614,19.88327918965708,4.04,20260322_115455
2.25,1.01,1018,52,49.21675232954614,19.923636563058665,4.04,20260322_115455
2.48,1.18,1018,52,49.21675232954614,19.963993936460252,4.04,20260322_115455
0.07,-1.69,1018,52,49.21675232954614,20.004351309861836,4.27,20260322_115455
4.73,3.52,1018,53,49.21675232954614,20.04470868326342,4.27,20260322_115455
6.08,4.57,1018,56,49.21675232954614,20.085066056665003,4.27,20260322_115455
2.41,0.28,1018,56,49.21675232954614,20.125423430066586,4.27,20260322_115455
3.38,3.38,1018,52,49.23221953764683,19.76220706945233,3.76,20260322_115455
4.44,4.44,1018,52,49.23221953764683,19.802564442853914,4.04,20260322_115455
2.4,2.4,1018,52,49.23221953764683,19.842921816255497,4.04,20260322_115455
6.16,6.16,1018,52,49.23221953764683,19.88327918965708,4.04,20260322_115455
0.58,0.58,1018,53,49.23221953764683,19.923636563058665,4.04,20260322_115455
1.44,1.44,1018,53,49.23221953764683,19.963993936460252,4.04,20260322_115455
3.86,2.77,1018,53,49.23221953764683,20.004351309861836,4.27,20260322_115455
1.15,-0.47,1018,53,49.23221953764683,20.04470868326342,4.27,20260322_115455
6.6,5.4,1018,56,49.23221953764683,20.085066056665003,4.27,20260322_115455
4.6,2.84,1018,56,49.23221953764683,20.125423430066586,4.27,20260322_115455
3.38,3.38,1018,52,49.24768674574751,19.76220706945233,3.76,20260322_115455
4.44,4.44,1018,52,49.24768674574751,19.802564442853914,4.04,20260322_115455
2.4,2.4,1018,52,49.24768674574751,19.842921816255497,4.04,20260322_115455
6.16,6.16,1018,52,49.24768674574751,19.88327918965708,4.04,20260322_115455
2.51,2.51,1018,53,49.24768674574751,19.923636563058665,4.04,20260322_115455
5.34,5.34,1018,53,49.24768674574751,19.963993936460252,4.04,20260322_115455
4.38,3.36,1018,53,49.24768674574751,20.004351309861836,4.27,20260322_115455
3.37,2.06,1018,53,49.24768674574751,20.04470868326342,4.27,20260322_115455
5.9,4.59,1018,53,49.24768674574751,20.085066056665003,4.27,20260322_115455
6.62,5.23,1018,56,49.24768674574751,20.125423430066586,4.27,20260322_115455
6.12,6.12,1018,52,49.263153953848196,19.76220706945233,3.76,20260322_115455
4.27,4.27,1018,52,49.263153953848196,19.802564442853914,4.04,20260322_115455
5.77,5.77,1018,52,49.263153953848196,19.842921816255497,4.04,20260322_115455
6.62,6.62,1018,53,49.263153953848196,19.88327918965708,4.04,20260322_115455
5.16,5.16,1018,53,49.263153953848196,19.923636563058665,4.04,20260322_115455
6.17,6.17,1018,53,49.263153953848196,19.963993936460252,4.04,20260322_115455
6.81,6.81,1018,53,49.263153953848196,20.004351309861836,4.27,20260322_115455
5.98,5.14,1018,53,49.263153953848196,20.04470868326342,4.27,20260322_115455
6.39,5.18,1018,53,49.263153953848196,20.085066056665003,4.27,20260322_115455
7.53,6.28,1018,53,49.263153953848196,20.125423430066586,4.27,20260322_115455
7.46,7.46,1018,53,49.27862116194888,19.76220706945233,3.76,20260322_115455
6.09,6.09,1018,53,49.27862116194888,19.802564442853914,4.04,20260322_115455
6.77,6.77,1018,53,49.27862116194888,19.842921816255497,4.04,20260322_115455
7.16,7.16,1018,53,49.27862116194888,19.88327918965708,4.04,20260322_115455
7.15,7.15,1018,53,49.27862116194888,19.923636563058665,4.04,20260322_115455
7.65,7.65,1018,53,49.27862116194888,19.963993936460252,4.04,20260322_115455
7.53,7.53,1018,53,49.27862116194888,20.004351309861836,4.27,20260322_115455
7.16,6.56,1018,53,49.27862116194888,20.04470868326342,4.27,20260322_115455
8.2,7.26,1018,53,49.27862116194888,20.085066056665003,4.27,20260322_115455
8.25,7.08,1018,53,49.27862116194888,20.125423430066586,4.27,20260322_115455
7.46,7.46,1018,53,49.294088370049565,19.76220706945233,3.76,20260322_115455
6.09,6.09,1018,53,49.294088370049565,19.802564442853914,4.04,20260322_115455
6.77,6.77,1018,53,49.294088370049565,19.842921816255497,4.04,20260322_115455
7.16,7.16,1018,53,49.294088370049565,19.88327918965708,4.04,20260322_115455
7.15,7.15,1018,53,49.294088370049565,19.923636563058665,4.04,20260322_115455
7.8,7.8,1018,53,49.294088370049565,19.963993936460252,4.04,20260322_115455
8.64,8.64,1018,53,49.294088370049565,20.004351309861836,4.27,20260322_115455
8.42,7.99,1018,53,49.294088370049565,20.04470868326342,4.27,20260322_115455
8.57,7.69,1018,53,49.294088370049565,20.085066056665003,4.27,20260322_115455
8.68,7.59,1018,53,49.294088370049565,20.125423430066586,4.27,20260322_115455
7.34,7.34,1018,53,49.309555578150245,19.76220706945233,3.76,20260322_115455
6.72,6.72,1018,53,49.309555578150245,19.802564442853914,4.04,20260322_115455
7.55,7.55,1018,53,49.309555578150245,19.842921816255497,4.04,20260322_115455
6.46,6.46,1018,53,49.309555578150245,19.88327918965708,4.04,20260322_115455
6.46,6.46,1018,53,49.309555578150245,19.923636563058665,4.04,20260322_115455
6.67,6.67,1018,53,49.309555578150245,19.963993936460252,4.04,20260322_115455
8.16,8.16,1018,53,49.309555578150245,20.004351309861836,4.27,20260322_115455
8.86,8.52,1018,53,49.309555578150245,20.04470868326342,4.27,20260322_115455
7.85,6.82,1018,53,49.309555578150245,20.085066056665003,4.27,20260322_115455
8.05,6.8,1018,52,49.309555578150245,20.125423430066586,4.27,20260322_115455
1.11,-0.65,1017,51,49.17035070524409,19.76220706945233,3.79,20260322_145116
3.58,2.26,1017,52,49.17035070524409,19.802564442853914,3.67,20260322_145116
1.91,0.45,1017,52,49.17035070524409,19.842921816255497,3.67,20260322_145116
3.31,2.16,1017,52,49.17035070524409,19.88327918965708,3.67,20260322_145116
5.86,5.86,1017,53,49.17035070524409,19.923636563058665,3.67,20260322_145116
3.3,3.3,1017,53,49.17035070524409,19.963993936460252,3.67,20260322_145116
1.69,1.69,1017,53,49.17035070524409,20.004351309861836,3.59,20260322_145116
-0.51,-3.7,1017,46,49.17035070524409,20.04470868326342,3.59,20260322_145116
-0.79,-4.03,1017,50,49.17035070524409,20.085066056665003,3.59,20260322_145116
0.08,-3.0,1017,51,49.17035070524409,20.125423430066586,3.59,20260322_145116
1.29,-0.4,1017,51,49.18581791334477,19.76220706945233,3.79,20260322_145116
1.82,0.28,1017,52,49.18581791334477,19.802564442853914,3.67,20260322_145116
2.37,1.02,1017,52,49.18581791334477,19.842921816255497,3.67,20260322_145116
2.78,1.59,1017,53,49.18581791334477,19.88327918965708,3.67,20260322_145116
3.44,3.44,1017,53,49.18581791334477,19.923636563058665,3.67,20260322_145116
1.65,1.65,1017,53,49.18581791334477,19.963993936460252,3.67,20260322_145116
4.23,4.23,1017,53,49.18581791334477,20.004351309861836,3.59,20260322_145116
1.19,-1.68,1017,46,49.18581791334477,20.04470868326342,3.59,20260322_145116
1.37,-1.47,1017,51,49.18581791334477,20.085066056665003,3.59,20260322_145116
2.93,0.38,1017,51,49.18581791334477,20.125423430066586,3.59,20260322_145116
2.35,0.87,1017,52,49.20128512144546,19.76220706945233,3.63,20260322_145116
4.65,3.56,1017,52,49.20128512144546,19.802564442853914,3.58,20260322_145116
2.61,1.32,1017,52,49.20128512144546,19.842921816255497,3.58,20260322_145116
1.79,0.5,1017,53,49.20128512144546,19.88327918965708,3.58,20260322_145116
6.14,6.14,1017,53,49.20128512144546,19.923636563058665,3.58,20260322_145116
2.16,2.16,1017,53,49.20128512144546,19.963993936460252,3.58,20260322_145116
1.37,1.37,1017,53,49.20128512144546,20.004351309861836,3.52,20260322_145116
-0.2,-0.2,1017,53,49.20128512144546,20.04470868326342,3.52,20260322_145116
1.72,-1.05,1017,55,49.20128512144546,20.085066056665003,3.52,20260322_145116
2.86,0.3,1017,51,49.20128512144546,20.125423430066586,3.52,20260322_145116
2.35,0.87,1017,52,49.21675232954614,19.76220706945233,3.63,20260322_145116
4.65,3.56,1017,52,49.21675232954614,19.802564442853914,3.58,20260322_145116
2.61,1.32,1017,52,49.21675232954614,19.842921816255497,3.58,20260322_145116
4.22,3.25,1017,53,49.21675232954614,19.88327918965708,3.58,20260322_145116
3.25,3.25,1017,53,49.21675232954614,19.923636563058665,3.58,20260322_145116
3.48,3.48,1017,53,49.21675232954614,19.963993936460252,3.58,20260322_145116
1.07,1.07,1017,53,49.21675232954614,20.004351309861836,3.52,20260322_145116
3.62,3.62,1017,53,49.21675232954614,20.04470868326342,3.52,20260322_145116
4.97,2.81,1017,55,49.21675232954614,20.085066056665003,3.52,20260322_145116
1.3,-1.55,1017,55,49.21675232954614,20.125423430066586,3.52,20260322_145116
3.71,2.49,1017,52,49.23221953764683,19.76220706945233,3.63,20260322_145116
4.72,3.71,1017,52,49.23221953764683,19.802564442853914,3.58,20260322_145116
2.63,1.39,1017,52,49.23221953764683,19.842921816255497,3.58,20260322_145116
6.34,5.67,1017,52,49.23221953764683,19.88327918965708,3.58,20260322_145116
1.58,1.58,1017,53,49.23221953764683,19.923636563058665,3.58,20260322_145116
2.44,2.44,1017,53,49.23221953764683,19.963993936460252,3.58,20260322_145116
2.75,2.75,1017,53,49.23221953764683,20.004351309861836,3.52,20260322_145116
0.04,-1.51,1017,53,49.23221953764683,20.04470868326342,3.52,20260322_145116
5.49,4.41,1017,55,49.23221953764683,20.085066056665003,3.52,20260322_145116
3.49,1.05,1017,55,49.23221953764683,20.125423430066586,3.52,20260322_145116
3.71,2.49,1017,52,49.24768674574751,19.76220706945233,3.63,20260322_145116
4.72,3.71,1017,52,49.24768674574751,19.802564442853914,3.58,20260322_145116
2.63,1.39,1017,52,49.24768674574751,19.842921816255497,3.58,20260322_145116
6.34,5.67,1017,52,49.24768674574751,19.88327918965708,3.58,20260322_145116
2.65,2.65,1017,53,49.24768674574751,19.923636563058665,3.58,20260322_145116
4.23,4.23,1017,53,49.24768674574751,19.963993936460252,3.58,20260322_145116
3.27,3.27,1017,53,49.24768674574751,20.004351309861836,3.52,20260322_145116
2.26,1.0,1017,53,49.24768674574751,20.04470868326342,3.52,20260322_145116
4.79,3.6,1017,53,49.24768674574751,20.085066056665003,3.52,20260322_145116
5.51,4.27,1017,55,49.24768674574751,20.125423430066586,3.52,20260322_145116
6.47,5.72,1017,52,49.263153953848196,19.76220706945233,3.63,20260322_145116
4.58,3.62,1017,52,49.263153953848196,19.802564442853914,3.58,20260322_145116
6.02,5.29,1017,52,49.263153953848196,19.842921816255497,3.58,20260322_145116
6.83,6.24,1017,52,49.263153953848196,19.88327918965708,3.58,20260322_145116
5.32,5.32,1017,53,49.263153953848196,19.923636563058665,3.58,20260322_145116
5.06,4.23,1017,53,49.263153953848196,19.963993936460252,3.58,20260322_145116
5.7,4.9,1017,53,49.263153953848196,20.004351309861836,3.52,20260322_145116
4.87,3.85,1017,53,49.263153953848196,20.04470868326342,3.52,20260322_145116
5.28,4.06,1017,53,49.263153953848196,20.085066056665003,3.52,20260322_145116
6.42,5.21,1017,53,49.263153953848196,20.125423430066586,3.52,20260322_145116
7.83,7.37,1016,52,49.27862116194888,19.76220706945233,3.63,20260322_145116
6.42,6.42,1016,52,49.27862116194888,19.802564442853914,3.58,20260322_145116
7.05,7.05,1017,52,49.27862116194888,19.842921816255497,3.58,20260322_145116
7.39,7.39,1017,52,49.27862116194888,19.88327918965708,3.58,20260322_145116
7.33,6.76,1017,53,49.27862116194888,19.923636563058665,3.58,20260322_145116
7.36,6.76,1017,53,49.27862116194888,19.963993936460252,3.58,20260322_145116
6.42,5.6,1017,53,49.27862116194888,20.004351309861836,3.52,20260322_145116
6.05,5.07,1017,53,49.27862116194888,20.04470868326342,3.52,20260322_145116
7.09,6.01,1017,53,49.27862116194888,20.085066056665003,3.52,20260322_145116
7.14,5.93,1017,53,49.27862116194888,20.125423430066586,3.52,20260322_145116
7.83,7.37,1016,52,49.294088370049565,19.76220706945233,3.63,20260322_145116
6.42,6.42,1016,52,49.294088370049565,19.802564442853914,3.58,20260322_145116
7.05,7.05,1017,52,49.294088370049565,19.842921816255497,3.58,20260322_145116
7.39,7.39,1017,52,49.294088370049565,19.88327918965708,3.58,20260322_145116
7.33,6.76,1017,53,49.294088370049565,19.923636563058665,3.58,20260322_145116
7.94,7.42,1017,53,49.294088370049565,19.963993936460252,3.58,20260322_145116
7.53,6.87,1017,53,49.294088370049565,20.004351309861836,3.52,20260322_145116
7.31,6.51,1017,53,49.294088370049565,20.04470868326342,3.52,20260322_145116
7.46,6.44,1017,53,49.294088370049565,20.085066056665003,3.52,20260322_145116
7.57,6.43,1017,53,49.294088370049565,20.125423430066586,3.52,20260322_145116
7.74,7.74,1016,52,49.309555578150245,19.76220706945233,3.63,20260322_145116
7.08,7.08,1016,52,49.309555578150245,19.802564442853914,3.58,20260322_145116
7.85,7.85,1016,52,49.309555578150245,19.842921816255497,3.58,20260322_145116
6.72,6.11,1016,52,49.309555578150245,19.88327918965708,3.58,20260322_145116
6.67,5.93,1017,53,49.309555578150245,19.923636563058665,3.58,20260322_145116
6.84,6.03,1017,53,49.309555578150245,19.963993936460252,3.58,20260322_145116
8.29,7.59,1017,53,49.309555578150245,20.004351309861836,3.52,20260322_145116
7.75,6.86,1017,53,49.309555578150245,20.04470868326342,3.52,20260322_145116
6.74,5.44,1017,53,49.309555578150245,20.085066056665003,3.52,20260322_145116
6.94,5.56,1017,53,49.309555578150245,20.125423430066586,3.52,20260322_145116
1.11,-0.65,1017,51,49.17035070524409,19.76220706945233,3.79,20260322_145329
3.58,2.26,1017,52,49.17035070524409,19.802564442853914,3.67,20260322_145329
1.91,0.45,1017,52,49.17035070524409,19.842921816255497,3.67,20260322_145329
3.31,2.16,1017,52,49.17035070524409,19.88327918965708,3.67,20260322_145329
5.86,5.86,1017,53,49.17035070524409,19.923636563058665,3.67,20260322_145329
3.3,3.3,1017,53,49.17035070524409,19.963993936460252,3.67,20260322_145329
1.69,1.69,1017,53,49.17035070524409,20.004351309861836,3.59,20260322_145329
-0.51,-3.7,1017,46,49.17035070524409,20.04470868326342,3.59,20260322_145329
-0.79,-4.03,1017,50,49.17035070524409,20.085066056665003,3.59,20260322_145329
0.08,-3.0,1017,51,49.17035070524409,20.125423430066586,3.59,20260322_145329
1.29,-0.4,1017,51,49.18581791334477,19.76220706945233,3.79,20260322_145329
1.82,0.28,1017,52,49.18581791334477,19.802564442853914,3.67,20260322_145329
2.37,1.02,1017,52,49.18581791334477,19.842921816255497,3.67,20260322_145329
2.78,1.59,1017,53,49.18581791334477,19.88327918965708,3.67,20260322_145329
3.44,3.44,1017,53,49.18581791334477,19.923636563058665,3.67,20260322_145329
1.65,1.65,1017,53,49.18581791334477,19.963993936460252,3.67,20260322_145329
4.23,4.23,1017,53,49.18581791334477,20.004351309861836,3.59,20260322_145329
1.19,-1.68,1017,46,49.18581791334477,20.04470868326342,3.59,20260322_145329
1.37,-1.47,1017,51,49.18581791334477,20.085066056665003,3.59,20260322_145329
2.93,0.38,1017,51,49.18581791334477,20.125423430066586,3.59,20260322_145329
2.35,0.87,1017,52,49.20128512144546,19.76220706945233,3.63,20260322_145329
4.65,3.56,1017,52,49.20128512144546,19.802564442853914,3.58,20260322_145329
2.61,1.32,1017,52,49.20128512144546,19.842921816255497,3.58,20260322_145329
1.79,0.5,1017,53,49.20128512144546,19.88327918965708,3.58,20260322_145329
6.14,6.14,1017,53,49.20128512144546,19.923636563058665,3.58,20260322_145329
2.16,2.16,1017,53,49.20128512144546,19.963993936460252,3.58,20260322_145329
1.37,1.37,1017,53,49.20128512144546,20.004351309861836,3.52,20260322_145329
-0.2,-0.2,1017,53,49.20128512144546,20.04470868326342,3.52,20260322_145329
1.72,-1.05,1017,55,49.20128512144546,20.085066056665003,3.52,20260322_145329
2.86,0.3,1017,51,49.20128512144546,20.125423430066586,3.52,20260322_145329
2.35,0.87,1017,52,49.21675232954614,19.76220706945233,3.63,20260322_145329
4.65,3.56,1017,52,49.21675232954614,19.802564442853914,3.58,20260322_145329
2.61,1.32,1017,52,49.21675232954614,19.842921816255497,3.58,20260322_145329
4.22,3.25,1017,53,49.21675232954614,19.88327918965708,3.58,20260322_145329
3.25,3.25,1017,53,49.21675232954614,19.923636563058665,3.58,20260322_145329
3.48,3.48,1017,53,49.21675232954614,19.963993936460252,3.58,20260322_145329
1.07,1.07,1017,53,49.21675232954614,20.004351309861836,3.52,20260322_145329
3.62,3.62,1017,53,49.21675232954614,20.04470868326342,3.52,20260322_145329
4.97,2.81,1017,55,49.21675232954614,20.085066056665003,3.52,20260322_145329
1.3,-1.55,1017,55,49.21675232954614,20.125423430066586,3.52,20260322_145329
3.71,2.49,1017,52,49.23221953764683,19.76220706945233,3.63,20260322_145329
4.72,3.71,1017,52,49.23221953764683,19.802564442853914,3.58,20260322_145329
2.63,1.39,1017,52,49.23221953764683,19.842921816255497,3.58,20260322_145329
6.34,5.67,1017,52,49.23221953764683,19.88327918965708,3.58,20260322_145329
1.58,1.58,1017,53,49.23221953764683,19.923636563058665,3.58,20260322_145329
2.44,2.44,1017,53,49.23221953764683,19.963993936460252,3.58,20260322_145329
2.75,2.75,1017,53,49.23221953764683,20.004351309861836,3.52,20260322_145329
0.04,-1.51,1017,53,49.23221953764683,20.04470868326342,3.52,20260322_145329
5.49,4.41,1017,55,49.23221953764683,20.085066056665003,3.52,20260322_145329
3.49,1.05,1017,55,49.23221953764683,20.125423430066586,3.52,20260322_145329
3.71,2.49,1017,52,49.24768674574751,19.76220706945233,3.63,20260322_145329
4.72,3.71,1017,52,49.24768674574751,19.802564442853914,3.58,20260322_145329
2.63,1.39,1017,52,49.24768674574751,19.842921816255497,3.58,20260322_145329
6.34,5.67,1017,52,49.24768674574751,19.88327918965708,3.58,20260322_145329
2.65,2.65,1017,53,49.24768674574751,19.923636563058665,3.58,20260322_145329
4.23,4.23,1017,53,49.24768674574751,19.963993936460252,3.58,20260322_145329
3.27,3.27,1017,53,49.24768674574751,20.004351309861836,3.52,20260322_145329
2.26,1.0,1017,53,49.24768674574751,20.04470868326342,3.52,20260322_145329
4.79,3.6,1017,53,49.24768674574751,20.085066056665003,3.52,20260322_145329
5.51,4.27,1017,55,49.24768674574751,20.125423430066586,3.52,20260322_145329
6.47,5.72,1017,52,49.263153953848196,19.76220706945233,3.63,20260322_145329
4.58,3.62,1017,52,49.263153953848196,19.802564442853914,3.58,20260322_145329
6.02,5.29,1017,52,49.263153953848196,19.842921816255497,3.58,20260322_145329
6.83,6.24,1017,52,49.263153953848196,19.88327918965708,3.58,20260322_145329
5.32,5.32,1017,53,49.263153953848196,19.923636563058665,3.58,20260322_145329
5.06,4.23,1017,53,49.263153953848196,19.963993936460252,3.58,20260322_145329
5.7,4.9,1017,53,49.263153953848196,20.004351309861836,3.52,20260322_145329
4.87,3.85,1017,53,49.263153953848196,20.04470868326342,3.52,20260322_145329
5.28,4.06,1017,53,49.263153953848196,20.085066056665003,3.52,20260322_145329
6.42,5.21,1017,53,49.263153953848196,20.125423430066586,3.52,20260322_145329
7.83,7.37,1016,52,49.27862116194888,19.76220706945233,3.63,20260322_145329
6.42,6.42,1016,52,49.27862116194888,19.802564442853914,3.58,20260322_145329
7.05,7.05,1017,52,49.27862116194888,19.842921816255497,3.58,20260322_145329
7.39,7.39,1017,52,49.27862116194888,19.88327918965708,3.58,20260322_145329
7.33,6.76,1017,53,49.27862116194888,19.923636563058665,3.58,20260322_145329
7.36,6.76,1017,53,49.27862116194888,19.963993936460252,3.58,20260322_145329
6.42,5.6,1017,53,49.27862116194888,20.004351309861836,3.52,20260322_145329
6.05,5.07,1017,53,49.27862116194888,20.04470868326342,3.52,20260322_145329
7.09,6.01,1017,53,49.27862116194888,20.085066056665003,3.52,20260322_145329
7.14,5.93,1017,53,49.27862116194888,20.125423430066586,3.52,20260322_145329
7.83,7.37,1016,52,49.294088370049565,19.76220706945233,3.63,20260322_145329
6.42,6.42,1016,52,49.294088370049565,19.802564442853914,3.58,20260322_145329
7.05,7.05,1017,52,49.294088370049565,19.842921816255497,3.58,20260322_145329
7.39,7.39,1017,52,49.294088370049565,19.88327918965708,3.58,20260322_145329
7.33,6.76,1017,53,49.294088370049565,19.923636563058665,3.58,20260322_145329
7.94,7.42,1017,53,49.294088370049565,19.963993936460252,3.58,20260322_145329
7.53,6.87,1017,53,49.294088370049565,20.004351309861836,3.52,20260322_145329
7.31,6.51,1017,53,49.294088370049565,20.04470868326342,3.52,20260322_145329
7.46,6.44,1017,53,49.294088370049565,20.085066056665003,3.52,20260322_145329
7.57,6.43,1017,53,49.294088370049565,20.125423430066586,3.52,20260322_145329
7.74,7.74,1016,52,49.309555578150245,19.76220706945233,3.63,20260322_145329
7.08,7.08,1016,52,49.309555578150245,19.802564442853914,3.58,20260322_145329
7.85,7.85,1016,52,49.309555578150245,19.842921816255497,3.58,20260322_145329
6.72,6.11,1016,52,49.309555578150245,19.88327918965708,3.58,20260322_145329
6.67,5.93,1017,53,49.309555578150245,19.923636563058665,3.58,20260322_145329
6.84,6.03,1017,53,49.309555578150245,19.963993936460252,3.58,20260322_145329
8.29,7.59,1017,53,49.309555578150245,20.004351309861836,3.52,20260322_145329
7.75,6.86,1017,53,49.309555578150245,20.04470868326342,3.52,20260322_145329
6.74,5.44,1017,53,49.309555578150245,20.085066056665003,3.52,20260322_145329
6.94,5.56,1017,53,49.309555578150245,20.125423430066586,3.52,20260322_145329
-7.36,-7.36,1017,82,49.17035070524409,19.76220706945233,5.06,20260323_052605
-4.89,-4.89,1017,82,49.17035070524409,19.802564442853914,4.96,20260323_052605
-6.55,-6.55,1017,82,49.17035070524409,19.842921816255497,4.96,20260323_052605
-6.27,-6.27,1017,82,49.17035070524409,19.88327918965708,4.96,20260323_052605
-3.87,-3.87,1017,82,49.17035070524409,19.923636563058665,4.96,20260323_052605
-4.35,-4.35,1017,83,49.17035070524409,19.963993936460252,4.96,20260323_052605
-5.19,-5.19,1017,83,49.17035070524409,20.004351309861836,5.13,20260323_052605
-8.96,-8.96,1016,83,49.17035070524409,20.04470868326342,5.13,20260323_052605
-6.31,-6.31,1016,83,49.17035070524409,20.085066056665003,5.13,20260323_052605
-8.13,-8.13,1016,83,49.17035070524409,20.125423430066586,5.13,20260323_052605
-7.18,-7.18,1017,82,49.18581791334477,19.76220706945233,5.06,20260323_052605
-6.66,-6.66,1017,82,49.18581791334477,19.802564442853914,4.96,20260323_052605
-6.11,-6.11,1017,82,49.18581791334477,19.842921816255497,4.96,20260323_052605
-7.36,-7.36,1017,82,49.18581791334477,19.88327918965708,4.96,20260323_052605
-3.64,-3.64,1017,82,49.18581791334477,19.923636563058665,4.96,20260323_052605
-4.93,-4.93,1017,83,49.18581791334477,19.963993936460252,4.96,20260323_052605
-5.25,-5.25,1017,83,49.18581791334477,20.004351309861836,5.13,20260323_052605
-5.7,-5.7,1016,83,49.18581791334477,20.04470868326342,5.13,20260323_052605
-6.35,-6.35,1016,83,49.18581791334477,20.085066056665003,5.13,20260323_052605
-8.33,-8.33,1016,83,49.18581791334477,20.125423430066586,5.13,20260323_052605
-6.13,-6.13,1017,82,49.20128512144546,19.76220706945233,5.34,20260323_052605
-3.84,-3.84,1017,82,49.20128512144546,19.802564442853914,5.46,20260323_052605
-5.87,-5.87,1017,82,49.20128512144546,19.842921816255497,5.46,20260323_052605
-4.28,-4.28,1017,82,49.20128512144546,19.88327918965708,5.46,20260323_052605
-5.88,-5.88,1017,82,49.20128512144546,19.923636563058665,5.46,20260323_052605
-4.02,-4.02,1017,82,49.20128512144546,19.963993936460252,5.46,20260323_052605
-4.46,-4.46,1017,83,49.20128512144546,20.004351309861836,5.47,20260323_052605
-8.38,-8.38,1017,83,49.20128512144546,20.04470868326342,5.47,20260323_052605
-5.6,-5.6,1016,83,49.20128512144546,20.085066056665003,5.47,20260323_052605
-2.43,-2.43,1016,83,49.20128512144546,20.125423430066586,5.47,20260323_052605
-6.13,-6.13,1017,82,49.21675232954614,19.76220706945233,5.34,20260323_052605
-3.84,-3.84,1017,82,49.21675232954614,19.802564442853914,5.46,20260323_052605
-5.87,-5.87,1017,82,49.21675232954614,19.842921816255497,5.46,20260323_052605
-4.28,-4.28,1017,82,49.21675232954614,19.88327918965708,5.46,20260323_052605
-5.88,-5.88,1017,82,49.21675232954614,19.923636563058665,5.46,20260323_052605
-4.02,-4.02,1017,82,49.21675232954614,19.963993936460252,5.46,20260323_052605
-4.46,-4.46,1017,83,49.21675232954614,20.004351309861836,5.47,20260323_052605
-8.38,-8.38,1017,83,49.21675232954614,20.04470868326342,5.47,20260323_052605
-5.6,-5.6,1016,83,49.21675232954614,20.085066056665003,5.47,20260323_052605
-2.43,-2.43,1016,83,49.21675232954614,20.125423430066586,5.47,20260323_052605
-4.78,-4.78,1017,82,49.23221953764683,19.76220706945233,5.34,20260323_052605
-3.77,-3.77,1017,82,49.23221953764683,19.802564442853914,5.46,20260323_052605
-5.87,-5.87,1017,82,49.23221953764683,19.842921816255497,5.46,20260323_052605
-2.17,-2.17,1017,82,49.23221953764683,19.88327918965708,5.46,20260323_052605
-5.87,-5.87,1017,82,49.23221953764683,19.923636563058665,5.46,20260323_052605
-4.86,-4.86,1017,82,49.23221953764683,19.963993936460252,5.46,20260323_052605
-5.06,-5.06,1017,82,49.23221953764683,20.004351309861836,5.47,20260323_052605
-5.41,-5.41,1017,83,49.23221953764683,20.04470868326342,5.47,20260323_052605
-5.55,-5.55,1017,83,49.23221953764683,20.085066056665003,5.47,20260323_052605
-1.68,-1.68,1016,83,49.23221953764683,20.125423430066586,5.47,20260323_052605
-4.78,-4.78,1017,82,49.24768674574751,19.76220706945233,5.34,20260323_052605
-3.77,-3.77,1017,82,49.24768674574751,19.802564442853914,5.46,20260323_052605
-5.87,-5.87,1017,82,49.24768674574751,19.842921816255497,5.46,20260323_052605
-2.17,-2.17,1017,82,49.24768674574751,19.88327918965708,5.46,20260323_052605
-5.87,-5.87,1017,82,49.24768674574751,19.923636563058665,5.46,20260323_052605
-4.86,-4.86,1017,82,49.24768674574751,19.963993936460252,5.46,20260323_052605
-5.06,-5.06,1017,82,49.24768674574751,20.004351309861836,5.47,20260323_052605
-5.41,-5.41,1017,83,49.24768674574751,20.04470868326342,5.47,20260323_052605
-5.55,-5.55,1017,83,49.24768674574751,20.085066056665003,5.47,20260323_052605
-1.68,-1.68,1016,83,49.24768674574751,20.125423430066586,5.47,20260323_052605
-2.03,-2.03,1017,82,49.263153953848196,19.76220706945233,5.34,20260323_052605
-3.94,-3.94,1017,82,49.263153953848196,19.802564442853914,5.46,20260323_052605
-2.5,-2.5,1017,82,49.263153953848196,19.842921816255497,5.46,20260323_052605
-1.7,-1.7,1017,82,49.263153953848196,19.88327918965708,5.46,20260323_052605
-3.22,-3.22,1017,82,49.263153953848196,19.923636563058665,5.46,20260323_052605
-3.12,-3.12,1017,82,49.263153953848196,19.963993936460252,5.46,20260323_052605
-2.32,-2.32,1017,82,49.263153953848196,20.004351309861836,5.47,20260323_052605
-3.66,-3.66,1017,82,49.263153953848196,20.04470868326342,5.47,20260323_052605
-4.09,-4.09,1017,82,49.263153953848196,20.085066056665003,5.47,20260323_052605
-2.8,-2.8,1017,82,49.263153953848196,20.125423430066586,5.47,20260323_052605
-0.68,-0.68,1017,82,49.27862116194888,19.76220706945233,5.34,20260323_052605
-2.11,-2.11,1017,82,49.27862116194888,19.802564442853914,5.46,20260323_052605
-1.49,-1.49,1017,82,49.27862116194888,19.842921816255497,5.46,20260323_052605
-1.16,-1.16,1017,82,49.27862116194888,19.88327918965708,5.46,20260323_052605
-1.23,-1.23,1017,82,49.27862116194888,19.923636563058665,5.46,20260323_052605
-0.64,-0.64,1017,82,49.27862116194888,19.963993936460252,5.46,20260323_052605
-0.96,-0.96,1017,82,49.27862116194888,20.004351309861836,5.47,20260323_052605
-1.62,-1.62,1017,82,49.27862116194888,20.04470868326342,5.47,20260323_052605
-1.16,-1.16,1017,82,49.27862116194888,20.085066056665003,5.47,20260323_052605
-2.06,-2.06,1017,82,49.27862116194888,20.125423430066586,5.47,20260323_052605
-0.68,-0.68,1017,82,49.294088370049565,19.76220706945233,5.34,20260323_052605
-2.11,-2.11,1017,82,49.294088370049565,19.802564442853914,5.46,20260323_052605
-1.49,-1.49,1017,82,49.294088370049565,19.842921816255497,5.46,20260323_052605
-1.16,-1.16,1017,82,49.294088370049565,19.88327918965708,5.46,20260323_052605
-1.23,-1.23,1017,82,49.294088370049565,19.923636563058665,5.46,20260323_052605
-0.64,-0.64,1017,82,49.294088370049565,19.963993936460252,5.46,20260323_052605
-0.96,-0.96,1017,82,49.294088370049565,20.004351309861836,5.47,20260323_052605
-1.62,-1.62,1017,82,49.294088370049565,20.04470868326342,5.47,20260323_052605
-1.16,-1.16,1017,82,49.294088370049565,20.085066056665003,5.47,20260323_052605
-2.06,-2.06,1017,82,49.294088370049565,20.125423430066586,5.47,20260323_052605
-0.8,-0.8,1017,82,49.309555578150245,19.76220706945233,5.34,20260323_052605
-1.47,-1.47,1017,82,49.309555578150245,19.802564442853914,5.46,20260323_052605
-0.71,-0.71,1017,82,49.309555578150245,19.842921816255497,5.46,20260323_052605
-1.85,-1.85,1017,82,49.309555578150245,19.88327918965708,5.46,20260323_052605
-1.92,-1.92,1017,82,49.309555578150245,19.923636563058665,5.46,20260323_052605
-1.77,-1.77,1017,82,49.309555578150245,19.963993936460252,5.46,20260323_052605
-0.35,-0.35,1017,82,49.309555578150245,20.004351309861836,5.47,20260323_052605
-0.59,-0.59,1017,82,49.309555578150245,20.04470868326342,5.47,20260323_052605
-0.66,-0.66,1017,82,49.309555578150245,20.085066056665003,5.47,20260323_052605
-1.42,-1.42,1017,82,49.309555578150245,20.125423430066586,5.47,20260323_052605
-6.3,-9.25,1016,94,49.17035070524409,19.76220706945233,4.36,20260330_055357
-3.83,-6.31,1016,94,49.17035070524409,19.802564442853914,5.0,20260330_055357
-5.49,-8.09,1015,93,49.17035070524409,19.842921816255497,5.0,20260330_055357
-3.69,-5.91,1015,93,49.17035070524409,19.88327918965708,5.0,20260330_055357
-1.14,-1.14,1015,92,49.17035070524409,19.923636563058665,5.0,20260330_055357
-3.7,-3.7,1015,92,49.17035070524409,19.963993936460252,5.0,20260330_055357
-5.31,-5.31,1015,92,49.17035070524409,20.004351309861836,5.95,20260330_055357
-7.51,-13.61,1015,93,49.17035070524409,20.04470868326342,5.95,20260330_055357
-7.36,-13.43,1015,92,49.17035070524409,20.085066056665003,5.95,20260330_055357
-6.46,-12.32,1015,91,49.17035070524409,20.125423430066586,5.95,20260330_055357
-6.14,-9.17,1016,94,49.18581791334477,19.76220706945233,4.36,20260330_055357
-5.61,-8.48,1016,94,49.18581791334477,19.802564442853914,5.0,20260330_055357
-5.05,-7.71,1015,94,49.18581791334477,19.842921816255497,5.0,20260330_055357
-4.22,-6.64,1015,93,49.18581791334477,19.88327918965708,5.0,20260330_055357
-3.56,-5.65,1015,93,49.18581791334477,19.923636563058665,5.0,20260330_055357
-5.35,-7.56,1015,93,49.18581791334477,19.963993936460252,5.0,20260330_055357
-2.77,-2.77,1015,93,49.18581791334477,20.004351309861836,5.95,20260330_055357
-5.81,-11.52,1015,93,49.18581791334477,20.04470868326342,5.95,20260330_055357
-5.19,-10.76,1015,91,49.18581791334477,20.085066056665003,5.95,20260330_055357
-3.6,-8.8,1015,91,49.18581791334477,20.125423430066586,5.95,20260330_055357
-5.09,-8.05,1016,94,49.20128512144546,19.76220706945233,4.66,20260330_055357
-2.79,-5.31,1016,94,49.20128512144546,19.802564442853914,5.27,20260330_055357
-4.83,-7.58,1016,94,49.20128512144546,19.842921816255497,5.27,20260330_055357
-5.21,-7.9,1016,94,49.20128512144546,19.88327918965708,5.27,20260330_055357
-0.86,-2.7,1015,93,49.20128512144546,19.923636563058665,5.27,20260330_055357
-4.84,-7.14,1015,93,49.20128512144546,19.963993936460252,5.27,20260330_055357
-5.63,-7.96,1015,93,49.20128512144546,20.004351309861836,6.0,20260330_055357
-7.2,-9.72,1015,93,49.20128512144546,20.04470868326342,6.0,20260330_055357
-4.39,-9.77,1015,90,49.20128512144546,20.085066056665003,6.0,20260330_055357
-3.65,-8.86,1015,91,49.20128512144546,20.125423430066586,6.0,20260330_055357
-5.09,-8.05,1016,94,49.21675232954614,19.76220706945233,4.66,20260330_055357
-2.79,-5.31,1016,94,49.21675232954614,19.802564442853914,5.27,20260330_055357
-4.83,-7.58,1016,94,49.21675232954614,19.842921816255497,5.27,20260330_055357
-3.23,-5.63,1016,94,49.21675232954614,19.88327918965708,5.27,20260330_055357
-3.75,-6.0,1015,93,49.21675232954614,19.923636563058665,5.27,20260330_055357
-3.52,-5.64,1015,93,49.21675232954614,19.963993936460252,5.27,20260330_055357
-5.93,-8.3,1015,93,49.21675232954614,20.004351309861836,6.0,20260330_055357
-2.49,-4.38,1015,93,49.21675232954614,20.04470868326342,6.0,20260330_055357
-1.14,-5.77,1015,90,49.21675232954614,20.085066056665003,6.0,20260330_055357
-4.81,-10.29,1015,90,49.21675232954614,20.125423430066586,6.0,20260330_055357
-3.75,-6.54,1016,94,49.23221953764683,19.76220706945233,4.66,20260330_055357
-2.74,-5.32,1016,94,49.23221953764683,19.802564442853914,5.27,20260330_055357
-4.83,-7.65,1016,94,49.23221953764683,19.842921816255497,5.27,20260330_055357
-1.12,-3.27,1016,94,49.23221953764683,19.88327918965708,5.27,20260330_055357
-5.42,-7.99,1016,94,49.23221953764683,19.923636563058665,5.27,20260330_055357
-4.56,-6.92,1016,94,49.23221953764683,19.963993936460252,5.27,20260330_055357
-3.36,-5.5,1015,94,49.23221953764683,20.004351309861836,6.0,20260330_055357
-6.07,-8.58,1015,93,49.23221953764683,20.04470868326342,6.0,20260330_055357
-0.62,-2.48,1015,90,49.23221953764683,20.085066056665003,6.0,20260330_055357
-2.62,-7.59,1015,90,49.23221953764683,20.125423430066586,6.0,20260330_055357
-3.75,-6.54,1016,94,49.24768674574751,19.76220706945233,4.66,20260330_055357
-2.74,-5.32,1016,94,49.24768674574751,19.802564442853914,5.27,20260330_055357
-4.83,-7.65,1016,94,49.24768674574751,19.842921816255497,5.27,20260330_055357
-1.12,-3.27,1016,94,49.24768674574751,19.88327918965708,5.27,20260330_055357
-4.81,-7.3,1016,94,49.24768674574751,19.923636563058665,5.27,20260330_055357
-1.88,-3.86,1016,94,49.24768674574751,19.963993936460252,5.27,20260330_055357
-2.84,-4.91,1015,94,49.24768674574751,20.004351309861836,6.0,20260330_055357
-3.85,-6.05,1015,93,49.24768674574751,20.04470868326342,6.0,20260330_055357
-1.32,-3.28,1015,93,49.24768674574751,20.085066056665003,6.0,20260330_055357
-0.6,-2.57,1015,90,49.24768674574751,20.125423430066586,6.0,20260330_055357
-1.01,-3.38,1016,95,49.263153953848196,19.76220706945233,4.66,20260330_055357
-2.91,-5.53,1016,94,49.263153953848196,19.802564442853914,5.27,20260330_055357
-1.46,-3.78,1016,94,49.263153953848196,19.842921816255497,5.27,20260330_055357
-0.66,-2.77,1016,94,49.263153953848196,19.88327918965708,5.27,20260330_055357
-2.17,-4.33,1016,94,49.263153953848196,19.923636563058665,5.27,20260330_055357
-1.05,-2.97,1016,94,49.263153953848196,19.963993936460252,5.27,20260330_055357
-0.41,-2.21,1016,94,49.263153953848196,20.004351309861836,6.0,20260330_055357
-1.24,-3.17,1016,94,49.263153953848196,20.04470868326342,6.0,20260330_055357
-0.83,-2.83,1015,93,49.263153953848196,20.085066056665003,6.0,20260330_055357
0.31,-1.66,1015,93,49.263153953848196,20.125423430066586,6.0,20260330_055357
0.34,-1.79,1016,95,49.27862116194888,19.76220706945233,4.66,20260330_055357
-1.08,-3.39,1016,95,49.27862116194888,19.802564442853914,5.27,20260330_055357
-0.45,-2.59,1016,95,49.27862116194888,19.842921816255497,5.27,20260330_055357
-0.11,-2.12,1016,94,49.27862116194888,19.88327918965708,5.27,20260330_055357
-0.17,-2.03,1016,94,49.27862116194888,19.923636563058665,5.27,20260330_055357
1.25,-0.36,1016,94,49.27862116194888,19.963993936460252,5.27,20260330_055357
0.31,-1.42,1016,94,49.27862116194888,20.004351309861836,6.0,20260330_055357
-0.06,-1.85,1016,94,49.27862116194888,20.04470868326342,6.0,20260330_055357
0.98,-0.82,1016,94,49.27862116194888,20.085066056665003,6.0,20260330_055357
1.03,-0.88,1015,94,49.27862116194888,20.125423430066586,6.0,20260330_055357
0.34,-1.79,1016,95,49.294088370049565,19.76220706945233,4.66,20260330_055357
-1.08,-3.39,1016,95,49.294088370049565,19.802564442853914,5.27,20260330_055357
-0.45,-2.59,1016,95,49.294088370049565,19.842921816255497,5.27,20260330_055357
-0.11,-2.12,1016,94,49.294088370049565,19.88327918965708,5.27,20260330_055357
-0.17,-2.03,1016,94,49.294088370049565,19.923636563058665,5.27,20260330_055357
0.43,-1.3,1016,94,49.294088370049565,19.963993936460252,5.27,20260330_055357
1.42,-0.15,1016,94,49.294088370049565,20.004351309861836,6.0,20260330_055357
1.2,-0.42,1016,94,49.294088370049565,20.04470868326342,6.0,20260330_055357
1.35,-0.39,1016,94,49.294088370049565,20.085066056665003,6.0,20260330_055357
1.46,-0.39,1015,94,49.294088370049565,20.125423430066586,6.0,20260330_055357
0.22,-1.84,1016,95,49.309555578150245,19.76220706945233,4.66,20260330_055357
-0.44,-2.56,1016,95,49.309555578150245,19.802564442853914,5.27,20260330_055357
0.33,-1.6,1016,95,49.309555578150245,19.842921816255497,5.27,20260330_055357
-0.8,-2.84,1016,95,49.309555578150245,19.88327918965708,5.27,20260330_055357
-0.86,-2.75,1016,95,49.309555578150245,19.923636563058665,5.27,20260330_055357
-0.7,-2.54,1016,95,49.309555578150245,19.963993936460252,5.27,20260330_055357
0.74,-0.9,1016,94,49.309555578150245,20.004351309861836,6.0,20260330_055357
1.64,0.09,1016,94,49.309555578150245,20.04470868326342,6.0,20260330_055357
0.63,-1.25,1016,94,49.309555578150245,20.085066056665003,6.0,20260330_055357
0.83,-1.16,1016,94,49.309555578150245,20.125423430066586,6.0,20260330_055357
-1.01,-5.24,1021,89,49.17035070524409,19.76220706945233,3.43,20260406_055411
1.5,-2.23,1020,89,49.17035070524409,19.802564442853914,3.62,20260406_055411
-0.13,-4.26,1020,89,49.17035070524409,19.842921816255497,3.62,20260406_055411
4.31,1.13,1020,88,49.17035070524409,19.88327918965708,3.62,20260406_055411
6.86,4.2,1020,88,49.17035070524409,19.923636563058665,3.62,20260406_055411
4.3,1.05,1020,87,49.17035070524409,19.963993936460252,3.62,20260406_055411
2.69,-0.93,1020,87,49.17035070524409,20.004351309861836,3.63,20260406_055411
0.49,0.49,1019,66,49.17035070524409,20.04470868326342,3.63,20260406_055411
-0.55,-0.55,1019,73,49.17035070524409,20.085066056665003,3.63,20260406_055411
0.29,0.29,1019,73,49.17035070524409,20.125423430066586,3.63,20260406_055411
-0.84,-5.07,1021,89,49.18581791334477,19.76220706945233,3.43,20260406_055411
-0.28,-4.44,1021,89,49.18581791334477,19.802564442853914,3.62,20260406_055411
0.32,-3.76,1020,89,49.18581791334477,19.842921816255497,3.62,20260406_055411
3.78,0.44,1020,88,49.18581791334477,19.88327918965708,3.62,20260406_055411
4.44,1.19,1020,88,49.18581791334477,19.923636563058665,3.62,20260406_055411
2.65,-1.02,1020,87,49.18581791334477,19.963993936460252,3.62,20260406_055411
5.23,2.14,1020,87,49.18581791334477,20.004351309861836,3.63,20260406_055411
2.19,2.19,1019,66,49.18581791334477,20.04470868326342,3.63,20260406_055411
1.58,1.58,1019,73,49.18581791334477,20.085066056665003,3.63,20260406_055411
3.11,3.11,1019,73,49.18581791334477,20.125423430066586,3.63,20260406_055411
0.21,-3.84,1021,88,49.20128512144546,19.76220706945233,3.45,20260406_055411
2.53,-1.05,1021,88,49.20128512144546,19.802564442853914,3.73,20260406_055411
0.53,-3.56,1020,88,49.20128512144546,19.842921816255497,3.73,20260406_055411
2.79,-0.82,1020,88,49.20128512144546,19.88327918965708,3.73,20260406_055411
7.14,4.46,1020,88,49.20128512144546,19.923636563058665,3.73,20260406_055411
3.16,-0.46,1020,87,49.20128512144546,19.963993936460252,3.73,20260406_055411
2.37,-1.45,1020,87,49.20128512144546,20.004351309861836,3.81,20260406_055411
0.8,-3.39,1020,86,49.20128512144546,20.04470868326342,3.81,20260406_055411
1.16,1.16,1019,80,49.20128512144546,20.085066056665003,3.81,20260406_055411
3.02,3.02,1019,73,49.20128512144546,20.125423430066586,3.81,20260406_055411
0.21,-3.84,1021,88,49.21675232954614,19.76220706945233,3.45,20260406_055411
2.53,-1.05,1021,88,49.21675232954614,19.802564442853914,3.73,20260406_055411
0.53,-3.56,1020,88,49.21675232954614,19.842921816255497,3.73,20260406_055411
2.18,-1.57,1020,88,49.21675232954614,19.88327918965708,3.73,20260406_055411
4.25,0.9,1020,88,49.21675232954614,19.923636563058665,3.73,20260406_055411
4.48,1.16,1020,87,49.21675232954614,19.963993936460252,3.73,20260406_055411
2.07,-1.82,1020,87,49.21675232954614,20.004351309861836,3.81,20260406_055411
3.06,-0.61,1020,86,49.21675232954614,20.04470868326342,3.81,20260406_055411
4.41,4.41,1019,80,49.21675232954614,20.085066056665003,3.81,20260406_055411
0.74,0.74,1019,80,49.21675232954614,20.125423430066586,3.81,20260406_055411
1.55,-2.26,1021,88,49.23221953764683,19.76220706945233,3.45,20260406_055411
2.59,-1.04,1021,88,49.23221953764683,19.802564442853914,3.73,20260406_055411
0.53,-3.63,1020,88,49.23221953764683,19.842921816255497,3.73,20260406_055411
4.27,0.92,1020,88,49.23221953764683,19.88327918965708,3.73,20260406_055411
2.58,-1.23,1020,88,49.23221953764683,19.923636563058665,3.73,20260406_055411
3.44,-0.19,1020,87,49.23221953764683,19.963993936460252,3.73,20260406_055411
2.19,-1.75,1020,87,49.23221953764683,20.004351309861836,3.81,20260406_055411
-0.52,-5.11,1020,86,49.23221953764683,20.04470868326342,3.81,20260406_055411
4.93,1.64,1019,80,49.23221953764683,20.085066056665003,3.81,20260406_055411
2.93,2.93,1019,80,49.23221953764683,20.125423430066586,3.81,20260406_055411
1.55,-2.26,1021,88,49.24768674574751,19.76220706945233,3.45,20260406_055411
2.59,-1.04,1021,88,49.24768674574751,19.802564442853914,3.73,20260406_055411
0.53,-3.63,1020,88,49.24768674574751,19.842921816255497,3.73,20260406_055411
4.27,0.92,1020,88,49.24768674574751,19.88327918965708,3.73,20260406_055411
0.62,-3.64,1020,88,49.24768674574751,19.923636563058665,3.73,20260406_055411
3.67,0.09,1020,87,49.24768674574751,19.963993936460252,3.73,20260406_055411
2.71,-1.11,1020,87,49.24768674574751,20.004351309861836,3.81,20260406_055411
1.7,-2.37,1020,86,49.24768674574751,20.04470868326342,3.81,20260406_055411
4.23,0.77,1019,85,49.24768674574751,20.085066056665003,3.81,20260406_055411
4.95,1.71,1019,80,49.24768674574751,20.125423430066586,3.81,20260406_055411
4.29,1.03,1021,88,49.263153953848196,19.76220706945233,3.45,20260406_055411
2.42,-1.32,1021,88,49.263153953848196,19.802564442853914,3.73,20260406_055411
3.89,0.43,1021,88,49.263153953848196,19.842921816255497,3.73,20260406_055411
4.72,1.41,1020,88,49.263153953848196,19.88327918965708,3.73,20260406_055411
3.25,-0.48,1020,87,49.263153953848196,19.923636563058665,3.73,20260406_055411
4.5,1.04,1020,87,49.263153953848196,19.963993936460252,3.73,20260406_055411
5.14,1.81,1020,86,49.263153953848196,20.004351309861836,3.81,20260406_055411
4.31,0.77,1020,86,49.263153953848196,20.04470868326342,3.81,20260406_055411
4.72,1.3,1019,85,49.263153953848196,20.085066056665003,3.81,20260406_055411
5.86,2.74,1019,85,49.263153953848196,20.125423430066586,3.81,20260406_055411
5.63,2.61,1021,87,49.27862116194888,19.76220706945233,3.45,20260406_055411
4.23,0.84,1021,87,49.27862116194888,19.802564442853914,3.73,20260406_055411
4.89,1.59,1020,87,49.27862116194888,19.842921816255497,3.73,20260406_055411
5.25,1.98,1020,87,49.27862116194888,19.88327918965708,3.73,20260406_055411
5.22,1.87,1020,87,49.27862116194888,19.923636563058665,3.73,20260406_055411
6.8,3.8,1020,86,49.27862116194888,19.963993936460252,3.73,20260406_055411
5.86,2.62,1020,86,49.27862116194888,20.004351309861836,3.81,20260406_055411
5.49,2.14,1020,86,49.27862116194888,20.04470868326342,3.81,20260406_055411
6.53,3.45,1019,85,49.27862116194888,20.085066056665003,3.81,20260406_055411
6.58,3.55,1019,85,49.27862116194888,20.125423430066586,3.81,20260406_055411
5.63,2.61,1021,87,49.294088370049565,19.76220706945233,3.45,20260406_055411
4.23,0.84,1021,87,49.294088370049565,19.802564442853914,3.73,20260406_055411
4.89,1.59,1020,87,49.294088370049565,19.842921816255497,3.73,20260406_055411
5.25,1.98,1020,87,49.294088370049565,19.88327918965708,3.73,20260406_055411
5.22,1.87,1020,87,49.294088370049565,19.923636563058665,3.73,20260406_055411
5.85,2.62,1020,86,49.294088370049565,19.963993936460252,3.73,20260406_055411
6.97,4.0,1020,86,49.294088370049565,20.004351309861836,3.81,20260406_055411
6.75,3.71,1020,86,49.294088370049565,20.04470868326342,3.81,20260406_055411
6.9,3.91,1019,85,49.294088370049565,20.085066056665003,3.81,20260406_055411
7.01,4.08,1019,85,49.294088370049565,20.125423430066586,3.81,20260406_055411
5.51,2.39,1021,87,49.309555578150245,19.76220706945233,3.45,20260406_055411
4.87,1.55,1021,87,49.309555578150245,19.802564442853914,3.73,20260406_055411
5.66,2.47,1020,87,49.309555578150245,19.842921816255497,3.73,20260406_055411
4.55,1.04,1020,87,49.309555578150245,19.88327918965708,3.73,20260406_055411
4.52,0.91,1020,86,49.309555578150245,19.923636563058665,3.73,20260406_055411
4.7,1.1,1020,86,49.309555578150245,19.963993936460252,3.73,20260406_055411
6.16,2.9,1020,85,49.309555578150245,20.004351309861836,3.81,20260406_055411
7.19,4.16,1020,85,49.309555578150245,20.04470868326342,3.81,20260406_055411
6.18,2.92,1019,85,49.309555578150245,20.085066056665003,3.81,20260406_055411
6.38,3.21,1019,84,49.309555578150245,20.125423430066586,3.81,20260406_055411
-2.77,-4.79,1018,68,49.17035070524409,19.76220706945233,13.07,20260413_060808
-0.35,-2.02,1018,67,49.17035070524409,19.802564442853914,13.07,20260413_060808
-2.07,-3.94,1018,67,49.17035070524409,19.842921816255497,13.07,20260413_060808
-1.85,-3.64,1018,66,49.17035070524409,19.88327918965708,13.07,20260413_060808
0.5,0.5,1018,66,49.17035070524409,19.923636563058665,13.07,20260413_060808
-0.03,-0.03,1018,65,49.17035070524409,19.963993936460252,13.07,20260413_060808
-0.92,-0.92,1018,65,49.17035070524409,20.004351309861836,12.37,20260413_060808
-4.74,-4.74,1018,64,49.17035070524409,20.04470868326342,12.37,20260413_060808
-2.15,-2.15,1018,64,49.17035070524409,20.085066056665003,12.37,20260413_060808
-4.03,-4.03,1018,63,49.17035070524409,20.125423430066586,12.37,20260413_060808
-2.57,-4.53,1018,68,49.18581791334477,19.76220706945233,13.07,20260413_060808
-2.1,-4.01,1018,68,49.18581791334477,19.802564442853914,13.07,20260413_060808
-1.6,-3.42,1018,67,49.18581791334477,19.842921816255497,13.07,20260413_060808
-2.9,-4.86,1018,67,49.18581791334477,19.88327918965708,13.07,20260413_060808
0.77,0.77,1018,66,49.18581791334477,19.923636563058665,13.07,20260413_060808
-0.58,-0.58,1018,66,49.18581791334477,19.963993936460252,13.07,20260413_060808
-0.95,-0.95,1018,65,49.18581791334477,20.004351309861836,12.37,20260413_060808
-1.45,-1.45,1018,64,49.18581791334477,20.04470868326342,12.37,20260413_060808
-2.16,-4.02,1018,64,49.18581791334477,20.085066056665003,12.37,20260413_060808
-4.19,-6.44,1018,64,49.18581791334477,20.125423430066586,12.37,20260413_060808
-1.49,-3.28,1018,69,49.20128512144546,19.76220706945233,12.88,20260413_060808
0.75,-0.76,1018,68,49.20128512144546,19.802564442853914,12.91,20260413_060808
-1.34,-3.13,1018,68,49.20128512144546,19.842921816255497,12.91,20260413_060808
0.2,-1.35,1018,67,49.20128512144546,19.88327918965708,12.91,20260413_060808
-1.45,-3.15,1018,66,49.20128512144546,19.923636563058665,12.91,20260413_060808
0.36,-1.1,1018,66,49.20128512144546,19.963993936460252,12.91,20260413_060808
-0.13,-1.67,1018,65,49.20128512144546,20.004351309861836,12.49,20260413_060808
-4.1,-6.21,1018,65,49.20128512144546,20.04470868326342,12.49,20260413_060808
-1.38,-3.3,1018,64,49.20128512144546,20.085066056665003,12.49,20260413_060808
1.75,0.15,1018,64,49.20128512144546,20.125423430066586,12.49,20260413_060808
-1.49,-3.28,1018,69,49.21675232954614,19.76220706945233,12.88,20260413_060808
0.75,-0.76,1018,68,49.21675232954614,19.802564442853914,12.91,20260413_060808
-1.34,-3.13,1018,68,49.21675232954614,19.842921816255497,12.91,20260413_060808
0.2,-1.35,1018,67,49.21675232954614,19.88327918965708,12.91,20260413_060808
-1.45,-3.15,1018,66,49.21675232954614,19.923636563058665,12.91,20260413_060808
0.36,-1.1,1018,66,49.21675232954614,19.963993936460252,12.91,20260413_060808
-0.13,-1.67,1018,65,49.21675232954614,20.004351309861836,12.49,20260413_060808
-4.1,-6.21,1018,65,49.21675232954614,20.04470868326342,12.49,20260413_060808
-1.38,-3.3,1018,64,49.21675232954614,20.085066056665003,12.49,20260413_060808
1.75,0.15,1018,64,49.21675232954614,20.125423430066586,12.49,20260413_060808
-0.12,-1.68,1018,69,49.23221953764683,19.76220706945233,12.88,20260413_060808
0.84,-0.62,1018,69,49.23221953764683,19.802564442853914,12.91,20260413_060808
-1.31,-3.06,1018,68,49.23221953764683,19.842921816255497,12.91,20260413_060808
2.34,1.09,1018,67,49.23221953764683,19.88327918965708,12.91,20260413_060808
-1.42,-3.15,1018,67,49.23221953764683,19.923636563058665,12.91,20260413_060808
-0.45,-2.05,1018,66,49.23221953764683,19.963993936460252,12.91,20260413_060808
-0.71,-2.38,1018,66,49.23221953764683,20.004351309861836,12.49,20260413_060808
-1.1,-2.89,1018,65,49.23221953764683,20.04470868326342,12.49,20260413_060808
-1.28,-3.33,1018,64,49.23221953764683,20.085066056665003,12.49,20260413_060808
2.54,0.93,1018,64,49.23221953764683,20.125423430066586,12.49,20260413_060808
-0.12,-1.68,1018,69,49.24768674574751,19.76220706945233,12.88,20260413_060808
0.84,-0.62,1018,69,49.24768674574751,19.802564442853914,12.91,20260413_060808
-1.31,-3.06,1018,68,49.24768674574751,19.842921816255497,12.91,20260413_060808
2.34,1.09,1018,67,49.24768674574751,19.88327918965708,12.91,20260413_060808
-1.42,-3.15,1018,67,49.24768674574751,19.923636563058665,12.91,20260413_060808
-0.45,-2.05,1018,66,49.24768674574751,19.963993936460252,12.91,20260413_060808
-0.71,-2.38,1018,66,49.24768674574751,20.004351309861836,12.49,20260413_060808
-1.1,-2.89,1018,65,49.24768674574751,20.04470868326342,12.49,20260413_060808
-1.28,-3.33,1018,64,49.24768674574751,20.085066056665003,12.49,20260413_060808
2.54,0.93,1018,64,49.24768674574751,20.125423430066586,12.49,20260413_060808
2.65,2.65,1018,70,49.263153953848196,19.76220706945233,12.88,20260413_060808
0.7,-0.71,1018,69,49.263153953848196,19.802564442853914,12.91,20260413_060808
2.09,0.84,1018,68,49.263153953848196,19.842921816255497,12.91,20260413_060808
2.83,1.67,1018,68,49.263153953848196,19.88327918965708,12.91,20260413_060808
1.26,-0.13,1018,67,49.263153953848196,19.923636563058665,12.91,20260413_060808
1.32,-0.08,1018,66,49.263153953848196,19.963993936460252,12.91,20260413_060808
2.07,0.73,1018,66,49.263153953848196,20.004351309861836,12.49,20260413_060808
0.68,-0.93,1018,65,49.263153953848196,20.04470868326342,12.49,20260413_060808
0.21,-1.7,1018,65,49.263153953848196,20.085066056665003,12.49,20260413_060808
1.45,-0.39,1018,64,49.263153953848196,20.125423430066586,12.49,20260413_060808
4.02,4.02,1018,70,49.27862116194888,19.76220706945233,12.88,20260413_060808
2.55,2.55,1018,69,49.27862116194888,19.802564442853914,12.91,20260413_060808
3.12,3.12,1018,69,49.27862116194888,19.842921816255497,12.91,20260413_060808
3.4,2.36,1018,68,49.27862116194888,19.88327918965708,12.91,20260413_060808
3.28,2.16,1018,67,49.27862116194888,19.923636563058665,12.91,20260413_060808
3.82,2.73,1018,67,49.27862116194888,19.963993936460252,12.91,20260413_060808
3.46,2.26,1018,66,49.27862116194888,20.004351309861836,12.49,20260413_060808
2.75,1.37,1018,66,49.27862116194888,20.04470868326342,12.49,20260413_060808
3.16,1.65,1018,65,49.27862116194888,20.085066056665003,12.49,20260413_060808
2.22,0.46,1018,64,49.27862116194888,20.125423430066586,12.49,20260413_060808
4.02,4.02,1018,70,49.294088370049565,19.76220706945233,12.88,20260413_060808
2.55,2.55,1018,69,49.294088370049565,19.802564442853914,12.91,20260413_060808
3.12,3.12,1018,69,49.294088370049565,19.842921816255497,12.91,20260413_060808
3.4,2.36,1018,68,49.294088370049565,19.88327918965708,12.91,20260413_060808
3.28,2.16,1018,67,49.294088370049565,19.923636563058665,12.91,20260413_060808
3.82,2.73,1018,67,49.294088370049565,19.963993936460252,12.91,20260413_060808
3.46,2.26,1018,66,49.294088370049565,20.004351309861836,12.49,20260413_060808
2.75,1.37,1018,66,49.294088370049565,20.04470868326342,12.49,20260413_060808
3.16,1.65,1018,65,49.294088370049565,20.085066056665003,12.49,20260413_060808
2.22,0.46,1018,64,49.294088370049565,20.125423430066586,12.49,20260413_060808
3.92,3.92,1018,70,49.309555578150245,19.76220706945233,12.88,20260413_060808
3.21,3.21,1018,70,49.309555578150245,19.802564442853914,12.91,20260413_060808
3.93,3.93,1018,69,49.309555578150245,19.842921816255497,12.91,20260413_060808
2.73,2.73,1018,68,49.309555578150245,19.88327918965708,12.91,20260413_060808
2.62,1.4,1018,68,49.309555578150245,19.923636563058665,12.91,20260413_060808
2.72,1.45,1018,67,49.309555578150245,19.963993936460252,12.91,20260413_060808
4.1,2.93,1018,66,49.309555578150245,20.004351309861836,12.49,20260413_060808
3.81,2.54,1018,66,49.309555578150245,20.04470868326342,12.49,20260413_060808
3.69,2.22,1018,65,49.309555578150245,20.085066056665003,12.49,20260413_060808
2.89,1.21,1018,65,49.309555578150245,20.125423430066586,12.49,20260413_060808
-3.16,-7.16,1011,83,49.17035070524409,19.76220706945233,1.74,20260420_060818
-0.69,-4.15,1011,82,49.17035070524409,19.802564442853914,1.68,20260420_060818
-2.35,-6.08,1011,82,49.17035070524409,19.842921816255497,1.68,20260420_060818
-2.05,-5.68,1010,81,49.17035070524409,19.88327918965708,1.68,20260420_060818
0.36,-2.7,1010,80,49.17035070524409,19.923636563058665,1.68,20260420_060818
-0.1,-3.2,1010,80,49.17035070524409,19.963993936460252,1.68,20260420_060818
-0.91,-4.12,1010,79,49.17035070524409,20.004351309861836,1.98,20260420_060818
-4.67,-8.54,1010,79,49.17035070524409,20.04470868326342,1.98,20260420_060818
-1.99,-5.37,1010,79,49.17035070524409,20.085066056665003,1.98,20260420_060818
-3.79,-7.52,1010,79,49.17035070524409,20.125423430066586,1.98,20260420_060818
-2.97,-6.91,1011,83,49.18581791334477,19.76220706945233,1.74,20260420_060818
-2.44,-6.22,1011,83,49.18581791334477,19.802564442853914,1.68,20260420_060818
-1.88,-5.5,1011,82,49.18581791334477,19.842921816255497,1.68,20260420_060818
-3.12,-6.92,1011,82,49.18581791334477,19.88327918965708,1.68,20260420_060818
0.62,-2.38,1010,81,49.18581791334477,19.923636563058665,1.68,20260420_060818
-0.67,-3.88,1010,80,49.18581791334477,19.963993936460252,1.68,20260420_060818
-0.97,-4.21,1010,80,49.18581791334477,20.004351309861836,1.98,20260420_060818
-1.4,-4.71,1010,80,49.18581791334477,20.04470868326342,1.98,20260420_060818
-2.03,-5.5,1010,79,49.18581791334477,20.085066056665003,1.98,20260420_060818
-3.99,-7.91,1010,79,49.18581791334477,20.125423430066586,1.98,20260420_060818
-1.9,-5.6,1011,84,49.20128512144546,19.76220706945233,1.83,20260420_060818
0.4,-2.8,1011,83,49.20128512144546,19.802564442853914,1.86,20260420_060818
-1.63,-5.17,1011,83,49.20128512144546,19.842921816255497,1.86,20260420_060818
-0.02,-3.21,1011,82,49.20128512144546,19.88327918965708,1.86,20260420_060818
-1.62,-5.05,1010,82,49.20128512144546,19.923636563058665,1.86,20260420_060818
0.26,-2.81,1010,81,49.20128512144546,19.963993936460252,1.86,20260420_060818
-0.17,-3.31,1010,81,49.20128512144546,20.004351309861836,2.25,20260420_060818
-4.07,-7.95,1010,80,49.20128512144546,20.04470868326342,2.25,20260420_060818
-1.28,-4.72,1010,80,49.20128512144546,20.085066056665003,2.25,20260420_060818
1.91,-0.99,1010,80,49.20128512144546,20.125423430066586,2.25,20260420_060818
-1.9,-5.6,1011,84,49.21675232954614,19.76220706945233,1.83,20260420_060818
0.4,-2.8,1011,83,49.21675232954614,19.802564442853914,1.86,20260420_060818
-1.63,-5.17,1011,83,49.21675232954614,19.842921816255497,1.86,20260420_060818
-0.02,-3.21,1011,82,49.21675232954614,19.88327918965708,1.86,20260420_060818
-1.62,-5.05,1010,82,49.21675232954614,19.923636563058665,1.86,20260420_060818
0.26,-2.81,1010,81,49.21675232954614,19.963993936460252,1.86,20260420_060818
-0.17,-3.31,1010,81,49.21675232954614,20.004351309861836,2.25,20260420_060818
-4.07,-7.95,1010,80,49.21675232954614,20.04470868326342,2.25,20260420_060818
-1.28,-4.72,1010,80,49.21675232954614,20.085066056665003,2.25,20260420_060818
1.91,-0.99,1010,80,49.21675232954614,20.125423430066586,2.25,20260420_060818
-0.53,-3.92,1011,84,49.23221953764683,19.76220706945233,1.83,20260420_060818
0.48,-2.69,1011,84,49.23221953764683,19.802564442853914,1.86,20260420_060818
-1.61,-5.13,1011,83,49.23221953764683,19.842921816255497,1.86,20260420_060818
2.1,-0.68,1011,83,49.23221953764683,19.88327918965708,1.86,20260420_060818
-1.59,-5.03,1011,82,49.23221953764683,19.923636563058665,1.86,20260420_060818
-0.56,-3.81,1010,82,49.23221953764683,19.963993936460252,1.86,20260420_060818
-0.76,-4.06,1010,81,49.23221953764683,20.004351309861836,2.25,20260420_060818
-1.09,-4.47,1010,81,49.23221953764683,20.04470868326342,2.25,20260420_060818
-1.21,-4.72,1010,80,49.23221953764683,20.085066056665003,2.25,20260420_060818
2.67,-0.17,1010,80,49.23221953764683,20.125423430066586,2.25,20260420_060818
-0.53,-3.92,1011,84,49.24768674574751,19.76220706945233,1.83,20260420_060818
0.48,-2.69,1011,84,49.24768674574751,19.802564442853914,1.86,20260420_060818
-1.61,-5.13,1011,83,49.24768674574751,19.842921816255497,1.86,20260420_060818
2.1,-0.68,1011,83,49.24768674574751,19.88327918965708,1.86,20260420_060818
-1.59,-5.03,1011,82,49.24768674574751,19.923636563058665,1.86,20260420_060818
-0.56,-3.81,1010,82,49.24768674574751,19.963993936460252,1.86,20260420_060818
-0.76,-4.06,1010,81,49.24768674574751,20.004351309861836,2.25,20260420_060818
-1.09,-4.47,1010,81,49.24768674574751,20.04470868326342,2.25,20260420_060818
-1.21,-4.72,1010,80,49.24768674574751,20.085066056665003,2.25,20260420_060818
2.67,-0.17,1010,80,49.24768674574751,20.125423430066586,2.25,20260420_060818
2.24,-0.59,1011,84,49.263153953848196,19.76220706945233,1.83,20260420_060818
0.34,-2.82,1011,84,49.263153953848196,19.802564442853914,1.86,20260420_060818
1.79,-1.07,1011,84,49.263153953848196,19.842921816255497,1.86,20260420_060818
2.59,-0.1,1011,83,49.263153953848196,19.88327918965708,1.86,20260420_060818
1.08,-1.88,1011,83,49.263153953848196,19.923636563058665,1.86,20260420_060818
1.19,-1.77,1011,82,49.263153953848196,19.963993936460252,1.86,20260420_060818
2.0,-0.83,1010,82,49.263153953848196,20.004351309861836,2.25,20260420_060818
0.67,-2.44,1010,81,49.263153953848196,20.04470868326342,2.25,20260420_060818
0.26,-3.05,1010,81,49.263153953848196,20.085066056665003,2.25,20260420_060818
1.56,-1.58,1010,80,49.263153953848196,20.125423430066586,2.25,20260420_060818
3.61,1.07,1011,85,49.27862116194888,19.76220706945233,1.83,20260420_060818
2.19,-0.6,1011,84,49.27862116194888,19.802564442853914,1.86,20260420_060818
2.82,0.16,1011,84,49.27862116194888,19.842921816255497,1.86,20260420_060818
3.15,0.57,1011,83,49.27862116194888,19.88327918965708,1.86,20260420_060818
3.09,0.48,1011,83,49.27862116194888,19.923636563058665,1.86,20260420_060818
3.68,1.15,1011,82,49.27862116194888,19.963993936460252,1.86,20260420_060818
3.38,0.76,1011,82,49.27862116194888,20.004351309861836,2.25,20260420_060818
2.73,-0.05,1010,82,49.27862116194888,20.04470868326342,2.25,20260420_060818
3.19,0.4,1010,81,49.27862116194888,20.085066056665003,2.25,20260420_060818
2.3,-0.75,1010,81,49.27862116194888,20.125423430066586,2.25,20260420_060818
3.61,1.07,1011,85,49.294088370049565,19.76220706945233,1.83,20260420_060818
2.19,-0.6,1011,84,49.294088370049565,19.802564442853914,1.86,20260420_060818
2.82,0.16,1011,84,49.294088370049565,19.842921816255497,1.86,20260420_060818
3.15,0.57,1011,83,49.294088370049565,19.88327918965708,1.86,20260420_060818
3.09,0.48,1011,83,49.294088370049565,19.923636563058665,1.86,20260420_060818
3.68,1.15,1011,82,49.294088370049565,19.963993936460252,1.86,20260420_060818
3.38,0.76,1011,82,49.294088370049565,20.004351309861836,2.25,20260420_060818
2.73,-0.05,1010,82,49.294088370049565,20.04470868326342,2.25,20260420_060818
3.19,0.4,1010,81,49.294088370049565,20.085066056665003,2.25,20260420_060818
2.3,-0.75,1010,81,49.294088370049565,20.125423430066586,2.25,20260420_060818
3.51,0.98,1011,85,49.309555578150245,19.76220706945233,1.83,20260420_060818
2.85,0.2,1011,85,49.309555578150245,19.802564442853914,1.86,20260420_060818
3.62,1.13,1011,84,49.309555578150245,19.842921816255497,1.86,20260420_060818
2.48,-0.24,1011,84,49.309555578150245,19.88327918965708,1.86,20260420_060818
2.42,-0.36,1011,83,49.309555578150245,19.923636563058665,1.86,20260420_060818
2.57,-0.21,1011,83,49.309555578150245,19.963993936460252,1.86,20260420_060818
4.01,1.47,1011,82,49.309555578150245,20.004351309861836,2.25,20260420_060818
3.77,1.15,1011,82,49.309555578150245,20.04470868326342,2.25,20260420_060818
3.71,0.97,1010,82,49.309555578150245,20.085066056665003,2.25,20260420_060818
2.96,0.01,1010,81,49.309555578150245,20.125423430066586,2.25,20260420_060818
-3.22,-5.37,1024,57,49.17035070524409,19.76220706945233,6.54,20260427_062122
-0.78,-2.68,1023,56,49.17035070524409,19.802564442853914,6.42,20260427_062122
-2.48,-4.67,1023,55,49.17035070524409,19.842921816255497,6.42,20260427_062122
0.31,-1.51,1023,54,49.17035070524409,19.88327918965708,6.42,20260427_062122
2.86,1.46,1023,53,49.17035070524409,19.923636563058665,6.42,20260427_062122
0.3,-1.4,1023,52,49.17035070524409,19.963993936460252,6.42,20260427_062122
-1.31,-3.11,1023,51,49.17035070524409,20.004351309861836,6.0,20260427_062122
-3.51,-9.06,1023,42,49.17035070524409,20.04470868326342,6.0,20260427_062122
-3.77,-9.38,1023,42,49.17035070524409,20.085066056665003,6.0,20260427_062122
-1.61,-6.7,1023,50,49.17035070524409,20.125423430066586,6.0,20260427_062122
-3.02,-5.25,1023,58,49.18581791334477,19.76220706945233,6.54,20260427_062122
-2.53,-4.78,1023,57,49.18581791334477,19.802564442853914,6.42,20260427_062122
-2.0,-4.22,1023,56,49.18581791334477,19.842921816255497,6.42,20260427_062122
-0.22,-2.19,1023,55,49.18581791334477,19.88327918965708,6.42,20260427_062122
0.44,-1.39,1023,53,49.18581791334477,19.923636563058665,6.42,20260427_062122
-1.35,-3.36,1023,52,49.18581791334477,19.963993936460252,6.42,20260427_062122
1.23,-0.29,1023,51,49.18581791334477,20.004351309861836,6.0,20260427_062122
-1.81,-6.95,1023,42,49.18581791334477,20.04470868326342,6.0,20260427_062122
-0.33,-5.11,1023,50,49.18581791334477,20.085066056665003,6.0,20260427_062122
1.24,-3.15,1023,50,49.18581791334477,20.125423430066586,6.0,20260427_062122
-1.94,-4.1,1023,59,49.20128512144546,19.76220706945233,6.16,20260427_062122
0.32,-1.59,1023,58,49.20128512144546,19.802564442853914,6.04,20260427_062122
-1.74,-4.0,1023,56,49.20128512144546,19.842921816255497,6.04,20260427_062122
-1.21,-3.4,1023,55,49.20128512144546,19.88327918965708,6.04,20260427_062122
3.14,1.65,1023,54,49.20128512144546,19.923636563058665,6.04,20260427_062122
-0.84,-2.84,1023,53,49.20128512144546,19.963993936460252,6.04,20260427_062122
-1.63,-3.63,1023,52,49.20128512144546,20.004351309861836,5.76,20260427_062122
-3.2,-5.26,1023,51,49.20128512144546,20.04470868326342,5.76,20260427_062122
0.05,-4.63,1023,50,49.20128512144546,20.085066056665003,5.76,20260427_062122
1.17,-3.24,1023,50,49.20128512144546,20.125423430066586,5.76,20260427_062122
-1.94,-4.1,1023,59,49.21675232954614,19.76220706945233,6.16,20260427_062122
0.32,-1.59,1023,58,49.21675232954614,19.802564442853914,6.04,20260427_062122
-1.74,-4.0,1023,56,49.21675232954614,19.842921816255497,6.04,20260427_062122
-0.17,-2.21,1023,55,49.21675232954614,19.88327918965708,6.04,20260427_062122
0.25,-1.67,1023,54,49.21675232954614,19.923636563058665,6.04,20260427_062122
0.48,-1.33,1023,53,49.21675232954614,19.963993936460252,6.04,20260427_062122
-1.93,-3.97,1023,52,49.21675232954614,20.004351309861836,5.76,20260427_062122
1.95,0.59,1023,51,49.21675232954614,20.04470868326342,5.76,20260427_062122
3.3,-0.59,1023,50,49.21675232954614,20.085066056665003,5.76,20260427_062122
-0.37,-5.16,1023,50,49.21675232954614,20.125423430066586,5.76,20260427_062122
-0.57,-2.59,1023,59,49.23221953764683,19.76220706945233,6.16,20260427_062122
0.41,-1.53,1023,58,49.23221953764683,19.802564442853914,6.04,20260427_062122
-1.71,-4.02,1023,57,49.23221953764683,19.842921816255497,6.04,20260427_062122
1.96,0.19,1023,56,49.23221953764683,19.88327918965708,6.04,20260427_062122
-1.42,-3.63,1023,55,49.23221953764683,19.923636563058665,6.04,20260427_062122
-0.56,-2.57,1023,54,49.23221953764683,19.963993936460252,6.04,20260427_062122
1.08,-0.58,1023,53,49.23221953764683,20.004351309861836,5.76,20260427_062122
-1.63,-3.55,1023,52,49.23221953764683,20.04470868326342,5.76,20260427_062122
3.82,3.82,1023,50,49.23221953764683,20.085066056665003,5.76,20260427_062122
1.82,-2.43,1023,50,49.23221953764683,20.125423430066586,5.76,20260427_062122
-0.57,-2.59,1023,59,49.24768674574751,19.76220706945233,6.16,20260427_062122
0.41,-1.53,1023,58,49.24768674574751,19.802564442853914,6.04,20260427_062122
-1.71,-4.02,1023,57,49.24768674574751,19.842921816255497,6.04,20260427_062122
1.96,0.19,1023,56,49.24768674574751,19.88327918965708,6.04,20260427_062122
-1.76,-4.02,1023,55,49.24768674574751,19.923636563058665,6.04,20260427_062122
2.56,1.01,1023,54,49.24768674574751,19.963993936460252,6.04,20260427_062122
1.6,0.01,1023,53,49.24768674574751,20.004351309861836,5.76,20260427_062122
0.59,-1.02,1023,52,49.24768674574751,20.04470868326342,5.76,20260427_062122
3.12,3.12,1023,51,49.24768674574751,20.085066056665003,5.76,20260427_062122
3.84,3.84,1023,50,49.24768674574751,20.125423430066586,5.76,20260427_062122
2.2,0.54,1023,60,49.263153953848196,19.76220706945233,6.16,20260427_062122
0.28,-1.72,1023,59,49.263153953848196,19.802564442853914,6.04,20260427_062122
1.69,-0.14,1023,58,49.263153953848196,19.842921816255497,6.04,20260427_062122
2.46,0.74,1023,57,49.263153953848196,19.88327918965708,6.04,20260427_062122
0.92,-0.98,1023,56,49.263153953848196,19.923636563058665,6.04,20260427_062122
3.39,1.92,1023,55,49.263153953848196,19.963993936460252,6.04,20260427_062122
4.03,2.75,1023,54,49.263153953848196,20.004351309861836,5.76,20260427_062122
3.2,1.91,1023,53,49.263153953848196,20.04470868326342,5.76,20260427_062122
3.61,3.61,1023,52,49.263153953848196,20.085066056665003,5.76,20260427_062122
4.75,4.75,1023,51,49.263153953848196,20.125423430066586,5.76,20260427_062122
3.58,2.11,1023,61,49.27862116194888,19.76220706945233,6.16,20260427_062122
2.13,0.4,1023,60,49.27862116194888,19.802564442853914,6.04,20260427_062122
2.73,1.06,1023,59,49.27862116194888,19.842921816255497,6.04,20260427_062122
3.04,1.4,1023,58,49.27862116194888,19.88327918965708,6.04,20260427_062122
2.94,1.33,1023,56,49.27862116194888,19.923636563058665,6.04,20260427_062122
5.69,4.54,1023,55,49.27862116194888,19.963993936460252,6.04,20260427_062122
4.75,3.55,1023,54,49.27862116194888,20.004351309861836,5.76,20260427_062122
4.38,3.21,1023,53,49.27862116194888,20.04470868326342,5.76,20260427_062122
5.42,4.61,1023,53,49.27862116194888,20.085066056665003,5.76,20260427_062122
5.47,5.47,1023,52,49.27862116194888,20.125423430066586,5.76,20260427_062122
3.58,2.11,1023,61,49.294088370049565,19.76220706945233,6.16,20260427_062122
2.13,0.4,1023,60,49.294088370049565,19.802564442853914,6.04,20260427_062122
2.73,1.06,1023,59,49.294088370049565,19.842921816255497,6.04,20260427_062122
3.04,1.4,1023,58,49.294088370049565,19.88327918965708,6.04,20260427_062122
2.94,1.33,1023,56,49.294088370049565,19.923636563058665,6.04,20260427_062122
3.51,2.03,1023,55,49.294088370049565,19.963993936460252,6.04,20260427_062122
5.86,4.82,1023,54,49.294088370049565,20.004351309861836,5.76,20260427_062122
5.64,4.65,1023,53,49.294088370049565,20.04470868326342,5.76,20260427_062122
5.79,5.03,1023,53,49.294088370049565,20.085066056665003,5.76,20260427_062122
5.9,5.9,1023,52,49.294088370049565,20.125423430066586,5.76,20260427_062122
3.48,1.99,1024,62,49.309555578150245,19.76220706945233,6.16,20260427_062122
2.8,1.15,1023,61,49.309555578150245,19.802564442853914,6.04,20260427_062122
3.54,1.98,1023,60,49.309555578150245,19.842921816255497,6.04,20260427_062122
2.37,0.61,1023,58,49.309555578150245,19.88327918965708,6.04,20260427_062122
2.29,0.57,1023,57,49.309555578150245,19.923636563058665,6.04,20260427_062122
2.41,0.76,1023,56,49.309555578150245,19.963993936460252,6.04,20260427_062122
3.82,2.45,1023,55,49.309555578150245,20.004351309861836,5.76,20260427_062122
6.08,5.13,1023,54,49.309555578150245,20.04470868326342,5.76,20260427_062122
5.07,4.16,1023,53,49.309555578150245,20.085066056665003,5.76,20260427_062122
5.27,5.27,1023,53,49.309555578150245,20.125423430066586,5.76,20260427_062122
6.91,4.71,1017,38,49.17035070524409,19.76220706945233,7.18,20260504_063224
9.39,7.73,1017,37,49.17035070524409,19.802564442853914,7.79,20260504_063224
7.73,5.79,1017,36,49.17035070524409,19.842921816255497,7.79,20260504_063224
10.31,8.31,1017,35,49.17035070524409,19.88327918965708,7.79,20260504_063224
12.86,11.09,1017,34,49.17035070524409,19.923636563058665,7.79,20260504_063224
10.3,8.25,1017,33,49.17035070524409,19.963993936460252,7.79,20260504_063224
8.69,7.24,1017,32,49.17035070524409,20.004351309861836,6.73,20260504_063224
6.49,2.92,1017,25,49.17035070524409,20.04470868326342,6.73,20260504_063224
6.23,2.59,1017,25,49.17035070524409,20.085066056665003,6.73,20260504_063224
9.5,6.72,1017,31,49.17035070524409,20.125423430066586,6.73,20260504_063224
7.12,4.92,1017,38,49.18581791334477,19.76220706945233,7.18,20260504_063224
7.65,5.59,1017,37,49.18581791334477,19.802564442853914,7.79,20260504_063224
8.2,6.29,1017,36,49.18581791334477,19.842921816255497,7.79,20260504_063224
9.78,8.25,1017,35,49.18581791334477,19.88327918965708,7.79,20260504_063224
10.44,8.43,1017,34,49.18581791334477,19.923636563058665,7.79,20260504_063224
8.65,7.1,1017,33,49.18581791334477,19.963993936460252,7.79,20260504_063224
11.23,9.24,1017,32,49.18581791334477,20.004351309861836,6.73,20260504_063224
8.19,5.07,1017,25,49.18581791334477,20.04470868326342,6.73,20260504_063224
10.78,8.72,1017,31,49.18581791334477,20.085066056665003,6.73,20260504_063224
12.35,10.45,1017,31,49.18581791334477,20.125423430066586,6.73,20260504_063224
8.2,6.18,1017,38,49.20128512144546,19.76220706945233,6.34,20260504_063224
10.5,8.57,1017,37,49.20128512144546,19.802564442853914,6.76,20260504_063224
8.47,6.58,1017,37,49.20128512144546,19.842921816255497,6.76,20260504_063224
8.79,7.02,1017,36,49.20128512144546,19.88327918965708,6.76,20260504_063224
13.14,11.4,1017,34,49.20128512144546,19.923636563058665,6.76,20260504_063224
9.16,7.7,1017,33,49.20128512144546,19.963993936460252,6.76,20260504_063224
8.37,6.84,1017,33,49.20128512144546,20.004351309861836,5.96,20260504_063224
6.8,5.07,1017,32,49.20128512144546,20.04470868326342,5.96,20260504_063224
11.16,9.14,1017,31,49.20128512144546,20.085066056665003,5.96,20260504_063224
12.28,10.37,1017,31,49.20128512144546,20.125423430066586,5.96,20260504_063224
8.2,6.18,1017,38,49.21675232954614,19.76220706945233,6.34,20260504_063224
10.5,8.57,1017,37,49.21675232954614,19.802564442853914,6.76,20260504_063224
8.47,6.58,1017,37,49.21675232954614,19.842921816255497,6.76,20260504_063224
10.08,8.08,1017,36,49.21675232954614,19.88327918965708,6.76,20260504_063224
10.25,8.22,1017,34,49.21675232954614,19.923636563058665,6.76,20260504_063224
10.48,8.45,1017,33,49.21675232954614,19.963993936460252,6.76,20260504_063224
8.07,6.49,1017,33,49.21675232954614,20.004351309861836,5.96,20260504_063224
13.06,11.26,1017,32,49.21675232954614,20.04470868326342,5.96,20260504_063224
14.41,12.72,1017,31,49.21675232954614,20.085066056665003,5.96,20260504_063224
10.74,8.68,1017,31,49.21675232954614,20.125423430066586,5.96,20260504_063224
9.58,7.83,1017,39,49.23221953764683,19.76220706945233,6.34,20260504_063224
10.6,8.71,1017,38,49.23221953764683,19.802564442853914,6.76,20260504_063224
8.51,6.61,1017,37,49.23221953764683,19.842921816255497,6.76,20260504_063224
12.22,10.44,1017,36,49.23221953764683,19.88327918965708,6.76,20260504_063224
8.58,6.91,1017,35,49.23221953764683,19.923636563058665,6.76,20260504_063224
9.44,8.03,1017,34,49.23221953764683,19.963993936460252,6.76,20260504_063224
12.19,10.33,1017,33,49.23221953764683,20.004351309861836,5.96,20260504_063224
9.48,8.27,1017,32,49.23221953764683,20.04470868326342,5.96,20260504_063224
14.93,13.29,1017,31,49.23221953764683,20.085066056665003,5.96,20260504_063224
12.93,11.09,1017,31,49.23221953764683,20.125423430066586,5.96,20260504_063224
9.58,7.83,1017,39,49.24768674574751,19.76220706945233,6.34,20260504_063224
10.6,8.71,1017,38,49.24768674574751,19.802564442853914,6.76,20260504_063224
8.51,6.61,1017,37,49.24768674574751,19.842921816255497,6.76,20260504_063224
12.22,10.44,1017,36,49.24768674574751,19.88327918965708,6.76,20260504_063224
8.54,6.87,1017,35,49.24768674574751,19.923636563058665,6.76,20260504_063224
13.67,11.98,1017,34,49.24768674574751,19.963993936460252,6.76,20260504_063224
12.71,10.9,1017,33,49.24768674574751,20.004351309861836,5.96,20260504_063224
11.7,9.76,1017,32,49.24768674574751,20.04470868326342,5.96,20260504_063224
14.23,12.52,1017,31,49.24768674574751,20.085066056665003,5.96,20260504_063224
14.95,13.31,1017,31,49.24768674574751,20.125423430066586,5.96,20260504_063224
12.36,10.67,1017,39,49.263153953848196,19.76220706945233,6.34,20260504_063224
10.47,8.56,1017,38,49.263153953848196,19.802564442853914,6.76,20260504_063224
11.92,10.16,1017,38,49.263153953848196,19.842921816255497,6.76,20260504_063224
12.72,11.01,1017,37,49.263153953848196,19.88327918965708,6.76,20260504_063224
11.22,9.31,1017,35,49.263153953848196,19.923636563058665,6.76,20260504_063224
14.5,12.89,1017,34,49.263153953848196,19.963993936460252,6.76,20260504_063224
15.14,13.6,1017,34,49.263153953848196,20.004351309861836,5.96,20260504_063224
14.31,12.66,1017,33,49.263153953848196,20.04470868326342,5.96,20260504_063224
14.72,13.08,1017,32,49.263153953848196,20.085066056665003,5.96,20260504_063224
15.86,14.31,1017,31,49.263153953848196,20.125423430066586,5.96,20260504_063224
13.75,12.22,1017,40,49.27862116194888,19.76220706945233,6.34,20260504_063224
12.33,10.64,1017,39,49.27862116194888,19.802564442853914,6.76,20260504_063224
12.96,11.3,1017,38,49.27862116194888,19.842921816255497,6.76,20260504_063224
13.3,11.65,1017,37,49.27862116194888,19.88327918965708,6.76,20260504_063224
13.25,11.57,1017,36,49.27862116194888,19.923636563058665,6.76,20260504_063224
16.8,15.45,1017,35,49.27862116194888,19.963993936460252,6.76,20260504_063224
15.86,14.39,1017,34,49.27862116194888,20.004351309861836,5.96,20260504_063224
15.49,13.98,1017,34,49.27862116194888,20.04470868326342,5.96,20260504_063224
16.53,15.07,1017,32,49.27862116194888,20.085066056665003,5.96,20260504_063224
16.58,15.13,1017,32,49.27862116194888,20.125423430066586,5.96,20260504_063224
13.75,12.22,1017,40,49.294088370049565,19.76220706945233,6.34,20260504_063224
12.33,10.64,1017,39,49.294088370049565,19.802564442853914,6.76,20260504_063224
12.96,11.3,1017,38,49.294088370049565,19.842921816255497,6.76,20260504_063224
13.3,11.65,1017,37,49.294088370049565,19.88327918965708,6.76,20260504_063224
13.25,11.57,1017,36,49.294088370049565,19.923636563058665,6.76,20260504_063224
13.85,12.2,1017,35,49.294088370049565,19.963993936460252,6.76,20260504_063224
16.97,15.61,1017,34,49.294088370049565,20.004351309861836,5.96,20260504_063224
16.75,15.37,1017,34,49.294088370049565,20.04470868326342,5.96,20260504_063224
16.9,15.48,1017,32,49.294088370049565,20.085066056665003,5.96,20260504_063224
17.01,15.6,1017,32,49.294088370049565,20.125423430066586,5.96,20260504_063224
13.66,12.15,1017,41,49.309555578150245,19.76220706945233,6.34,20260504_063224
13.0,11.4,1017,40,49.309555578150245,19.802564442853914,6.76,20260504_063224
13.78,12.23,1017,39,49.309555578150245,19.842921816255497,6.76,20260504_063224
12.65,10.96,1017,38,49.309555578150245,19.88327918965708,6.76,20260504_063224
12.6,10.88,1017,37,49.309555578150245,19.923636563058665,6.76,20260504_063224
12.75,11.02,1017,36,49.309555578150245,19.963993936460252,6.76,20260504_063224
14.2,12.59,1017,35,49.309555578150245,20.004351309861836,5.96,20260504_063224
17.19,15.88,1017,35,49.309555578150245,20.04470868326342,5.96,20260504_063224
16.18,14.72,1017,33,49.309555578150245,20.085066056665003,5.96,20260504_063224
16.38,14.94,1017,33,49.309555578150245,20.125423430066586,5.96,20260504_063224
6.18,3.47,1007,71,49.17035070524409,19.76220706945233,5.39,20260511_065716
8.65,6.48,1007,71,49.17035070524409,19.802564442853914,5.7,20260511_065716
6.99,4.46,1007,70,49.17035070524409,19.842921816255497,5.7,20260511_065716
8.31,6.08,1007,70,49.17035070524409,19.88327918965708,5.7,20260511_065716
10.86,9.8,1007,69,49.17035070524409,19.923636563058665,5.7,20260511_065716
8.3,6.1,1007,68,49.17035070524409,19.963993936460252,5.7,20260511_065716
6.69,4.13,1007,68,49.17035070524409,20.004351309861836,5.52,20260511_065716
4.49,1.83,1007,67,49.17035070524409,20.04470868326342,5.52,20260511_065716
5.02,2.46,1007,66,49.17035070524409,20.085066056665003,5.52,20260511_065716
5.93,3.56,1007,65,49.17035070524409,20.125423430066586,5.52,20260511_065716
6.39,3.71,1007,71,49.18581791334477,19.76220706945233,5.39,20260511_065716
6.91,4.34,1007,71,49.18581791334477,19.802564442853914,5.7,20260511_065716
7.47,5.03,1007,70,49.18581791334477,19.842921816255497,5.7,20260511_065716
7.78,5.42,1007,70,49.18581791334477,19.88327918965708,5.7,20260511_065716
8.44,6.25,1007,69,49.18581791334477,19.923636563058665,5.7,20260511_065716
6.65,4.07,1007,69,49.18581791334477,19.963993936460252,5.7,20260511_065716
9.23,7.21,1007,68,49.18581791334477,20.004351309861836,5.52,20260511_065716
6.19,3.87,1007,67,49.18581791334477,20.04470868326342,5.52,20260511_065716
7.21,5.1,1007,65,49.18581791334477,20.085066056665003,5.52,20260511_065716
8.81,7.03,1007,65,49.18581791334477,20.125423430066586,5.52,20260511_065716
7.48,5.04,1007,71,49.20128512144546,19.76220706945233,4.7,20260511_065716
9.77,7.84,1007,71,49.20128512144546,19.802564442853914,4.86,20260511_065716
7.73,5.35,1007,70,49.20128512144546,19.842921816255497,4.86,20260511_065716
6.79,4.22,1007,70,49.20128512144546,19.88327918965708,4.86,20260511_065716
11.14,10.11,1007,69,49.20128512144546,19.923636563058665,4.86,20260511_065716
7.16,4.69,1007,69,49.20128512144546,19.963993936460252,4.86,20260511_065716
6.37,3.72,1007,68,49.20128512144546,20.004351309861836,4.87,20260511_065716
4.8,1.79,1007,68,49.20128512144546,20.04470868326342,4.87,20260511_065716
8.39,6.52,1007,64,49.20128512144546,20.085066056665003,4.87,20260511_065716
8.77,6.98,1007,65,49.20128512144546,20.125423430066586,4.87,20260511_065716
7.48,5.04,1007,71,49.21675232954614,19.76220706945233,4.7,20260511_065716
9.77,7.84,1007,71,49.21675232954614,19.802564442853914,4.86,20260511_065716
7.73,5.35,1007,70,49.21675232954614,19.842921816255497,4.86,20260511_065716
9.33,7.32,1007,70,49.21675232954614,19.88327918965708,4.86,20260511_065716
8.25,6.02,1007,69,49.21675232954614,19.923636563058665,4.86,20260511_065716
8.48,6.3,1007,69,49.21675232954614,19.963993936460252,4.86,20260511_065716
6.07,3.36,1007,68,49.21675232954614,20.004351309861836,4.87,20260511_065716
10.29,9.15,1007,68,49.21675232954614,20.04470868326342,4.87,20260511_065716
11.64,10.53,1007,64,49.21675232954614,20.085066056665003,4.87,20260511_065716
7.97,6.02,1007,64,49.21675232954614,20.125423430066586,4.87,20260511_065716
8.85,6.74,1006,71,49.23221953764683,19.76220706945233,4.7,20260511_065716
9.87,7.99,1006,71,49.23221953764683,19.802564442853914,4.86,20260511_065716
7.77,5.44,1006,70,49.23221953764683,19.842921816255497,4.86,20260511_065716
11.47,10.5,1007,70,49.23221953764683,19.88327918965708,4.86,20260511_065716
6.58,4.02,1007,69,49.23221953764683,19.923636563058665,4.86,20260511_065716
7.44,5.06,1007,69,49.23221953764683,19.963993936460252,4.86,20260511_065716
9.42,7.46,1007,68,49.23221953764683,20.004351309861836,4.87,20260511_065716
6.71,4.14,1007,68,49.23221953764683,20.04470868326342,4.87,20260511_065716
12.16,11.1,1007,64,49.23221953764683,20.085066056665003,4.87,20260511_065716
10.16,8.9,1007,64,49.23221953764683,20.125423430066586,4.87,20260511_065716
8.85,6.74,1006,71,49.24768674574751,19.76220706945233,4.7,20260511_065716
9.87,7.99,1006,71,49.24768674574751,19.802564442853914,4.86,20260511_065716
7.77,5.44,1006,70,49.24768674574751,19.842921816255497,4.86,20260511_065716
11.47,10.5,1007,70,49.24768674574751,19.88327918965708,4.86,20260511_065716
7.77,5.47,1007,69,49.24768674574751,19.923636563058665,4.86,20260511_065716
10.9,9.85,1007,69,49.24768674574751,19.963993936460252,4.86,20260511_065716
9.94,8.1,1007,68,49.24768674574751,20.004351309861836,4.87,20260511_065716
8.93,6.85,1007,68,49.24768674574751,20.04470868326342,4.87,20260511_065716
11.46,10.41,1007,67,49.24768674574751,20.085066056665003,4.87,20260511_065716
12.18,11.12,1007,64,49.24768674574751,20.125423430066586,4.87,20260511_065716
11.64,10.71,1006,71,49.263153953848196,19.76220706945233,4.7,20260511_065716
9.73,7.87,1006,71,49.263153953848196,19.802564442853914,4.86,20260511_065716
11.18,10.18,1006,70,49.263153953848196,19.842921816255497,4.86,20260511_065716
11.98,11.06,1006,70,49.263153953848196,19.88327918965708,4.86,20260511_065716
10.46,9.36,1007,69,49.263153953848196,19.923636563058665,4.86,20260511_065716
11.73,10.76,1007,69,49.263153953848196,19.963993936460252,4.86,20260511_065716
12.37,11.44,1007,68,49.263153953848196,20.004351309861836,4.87,20260511_065716
11.54,10.53,1007,68,49.263153953848196,20.04470868326342,4.87,20260511_065716
11.95,10.95,1007,67,49.263153953848196,20.085066056665003,4.87,20260511_065716
13.09,12.2,1007,67,49.263153953848196,20.125423430066586,4.87,20260511_065716
13.02,12.23,1006,71,49.27862116194888,19.76220706945233,4.7,20260511_065716
11.6,10.67,1006,71,49.27862116194888,19.802564442853914,4.86,20260511_065716
12.22,11.33,1006,70,49.27862116194888,19.842921816255497,4.86,20260511_065716
12.56,11.7,1006,70,49.27862116194888,19.88327918965708,4.86,20260511_065716
12.49,11.6,1006,69,49.27862116194888,19.923636563058665,4.86,20260511_065716
14.03,13.29,1006,69,49.27862116194888,19.963993936460252,4.86,20260511_065716
13.09,12.23,1007,68,49.27862116194888,20.004351309861836,4.87,20260511_065716
12.72,11.82,1007,68,49.27862116194888,20.04470868326342,4.87,20260511_065716
13.76,12.94,1007,67,49.27862116194888,20.085066056665003,4.87,20260511_065716
13.81,13.0,1007,67,49.27862116194888,20.125423430066586,4.87,20260511_065716
13.02,12.23,1006,71,49.294088370049565,19.76220706945233,4.7,20260511_065716
11.6,10.67,1006,71,49.294088370049565,19.802564442853914,4.86,20260511_065716
12.22,11.33,1006,70,49.294088370049565,19.842921816255497,4.86,20260511_065716
12.56,11.7,1006,70,49.294088370049565,19.88327918965708,4.86,20260511_065716
12.49,11.6,1006,69,49.294088370049565,19.923636563058665,4.86,20260511_065716
13.08,12.25,1006,69,49.294088370049565,19.963993936460252,4.86,20260511_065716
14.2,13.45,1007,68,49.294088370049565,20.004351309861836,4.87,20260511_065716
13.98,13.21,1007,68,49.294088370049565,20.04470868326342,4.87,20260511_065716
14.13,13.35,1007,67,49.294088370049565,20.085066056665003,4.87,20260511_065716
14.24,13.47,1007,67,49.294088370049565,20.125423430066586,4.87,20260511_065716
12.93,12.13,1006,71,49.309555578150245,19.76220706945233,4.7,20260511_065716
12.27,11.38,1006,70,49.309555578150245,19.802564442853914,4.86,20260511_065716
13.04,12.23,1006,70,49.309555578150245,19.842921816255497,4.86,20260511_065716
11.9,10.95,1006,69,49.309555578150245,19.88327918965708,4.86,20260511_065716
11.84,10.88,1006,69,49.309555578150245,19.923636563058665,4.86,20260511_065716
11.99,11.02,1006,68,49.309555578150245,19.963993936460252,4.86,20260511_065716
13.42,12.59,1006,68,49.309555578150245,20.004351309861836,4.87,20260511_065716
14.42,13.67,1006,67,49.309555578150245,20.04470868326342,4.87,20260511_065716
13.41,12.56,1007,67,49.309555578150245,20.085066056665003,4.87,20260511_065716
13.61,12.78,1007,67,49.309555578150245,20.125423430066586,4.87,20260511_065716
0.91,-0.61,1014,91,49.17035070524409,19.76220706945233,2.5,20260518_075306
3.43,3.43,1013,90,49.17035070524409,19.802564442853914,2.55,20260518_075306
1.82,1.82,1013,89,49.17035070524409,19.842921816255497,2.55,20260518_075306
2.31,2.31,1013,88,49.17035070524409,19.88327918965708,2.55,20260518_075306
4.86,4.86,1013,86,49.17035070524409,19.923636563058665,2.55,20260518_075306
2.3,2.3,1013,85,49.17035070524409,19.963993936460252,2.55,20260518_075306
0.69,0.69,1013,85,49.17035070524409,20.004351309861836,2.92,20260518_075306
-1.51,-3.54,1013,87,49.17035070524409,20.04470868326342,2.92,20260518_075306
-1.31,-3.31,1013,87,49.17035070524409,20.085066056665003,2.92,20260518_075306
-0.41,-2.29,1013,88,49.17035070524409,20.125423430066586,2.92,20260518_075306
1.07,-0.36,1014,92,49.18581791334477,19.76220706945233,2.5,20260518_075306
1.64,1.64,1013,91,49.18581791334477,19.802564442853914,2.55,20260518_075306
2.25,2.25,1013,90,49.18581791334477,19.842921816255497,2.55,20260518_075306
1.78,1.78,1013,89,49.18581791334477,19.88327918965708,2.55,20260518_075306
2.44,2.44,1013,87,49.18581791334477,19.923636563058665,2.55,20260518_075306
0.65,0.65,1013,86,49.18581791334477,19.963993936460252,2.55,20260518_075306
3.23,3.23,1013,85,49.18581791334477,20.004351309861836,2.92,20260518_075306
0.19,-1.6,1013,87,49.18581791334477,20.04470868326342,2.92,20260518_075306
0.87,-0.82,1013,88,49.18581791334477,20.085066056665003,2.92,20260518_075306
2.46,0.99,1013,88,49.18581791334477,20.125423430066586,2.92,20260518_075306
2.1,0.89,1014,92,49.20128512144546,19.76220706945233,2.86,20260518_075306
4.45,4.45,1013,91,49.20128512144546,19.802564442853914,3.04,20260518_075306
2.46,2.46,1013,90,49.20128512144546,19.842921816255497,3.04,20260518_075306
0.79,0.79,1013,89,49.20128512144546,19.88327918965708,3.04,20260518_075306
5.14,5.14,1013,88,49.20128512144546,19.923636563058665,3.04,20260518_075306
1.16,1.16,1013,87,49.20128512144546,19.963993936460252,3.04,20260518_075306
0.37,0.37,1013,86,49.20128512144546,20.004351309861836,3.3,20260518_075306
-1.2,-1.2,1013,86,49.20128512144546,20.04470868326342,3.3,20260518_075306
1.72,0.15,1013,88,49.20128512144546,20.085066056665003,3.3,20260518_075306
2.41,0.94,1013,88,49.20128512144546,20.125423430066586,3.3,20260518_075306
2.1,0.89,1014,92,49.21675232954614,19.76220706945233,2.86,20260518_075306
4.45,4.45,1013,91,49.21675232954614,19.802564442853914,3.04,20260518_075306
2.46,2.46,1013,90,49.21675232954614,19.842921816255497,3.04,20260518_075306
4.12,4.12,1013,89,49.21675232954614,19.88327918965708,3.04,20260518_075306
2.25,2.25,1013,88,49.21675232954614,19.923636563058665,3.04,20260518_075306
2.48,2.48,1013,87,49.21675232954614,19.963993936460252,3.04,20260518_075306
0.07,0.07,1013,86,49.21675232954614,20.004351309861836,3.3,20260518_075306
3.62,3.62,1013,86,49.21675232954614,20.04470868326342,3.3,20260518_075306
4.97,3.86,1013,88,49.21675232954614,20.085066056665003,3.3,20260518_075306
1.3,-0.33,1013,88,49.21675232954614,20.125423430066586,3.3,20260518_075306
3.43,3.43,1014,92,49.23221953764683,19.76220706945233,2.86,20260518_075306
4.49,4.49,1013,92,49.23221953764683,19.802564442853914,3.04,20260518_075306
2.45,2.45,1013,91,49.23221953764683,19.842921816255497,3.04,20260518_075306
6.2,6.2,1013,90,49.23221953764683,19.88327918965708,3.04,20260518_075306
0.58,0.58,1013,88,49.23221953764683,19.923636563058665,3.04,20260518_075306
1.44,1.44,1013,88,49.23221953764683,19.963993936460252,3.04,20260518_075306
2.75,2.75,1013,87,49.23221953764683,20.004351309861836,3.3,20260518_075306
0.04,0.04,1013,86,49.23221953764683,20.04470868326342,3.3,20260518_075306
5.49,5.49,1013,88,49.23221953764683,20.085066056665003,3.3,20260518_075306
3.49,2.17,1013,88,49.23221953764683,20.125423430066586,3.3,20260518_075306
3.43,3.43,1014,92,49.24768674574751,19.76220706945233,2.86,20260518_075306
4.49,4.49,1013,92,49.24768674574751,19.802564442853914,3.04,20260518_075306
2.45,2.45,1013,91,49.24768674574751,19.842921816255497,3.04,20260518_075306
6.2,6.2,1013,90,49.24768674574751,19.88327918965708,3.04,20260518_075306
2.56,2.56,1013,88,49.24768674574751,19.923636563058665,3.04,20260518_075306
4.23,4.23,1013,88,49.24768674574751,19.963993936460252,3.04,20260518_075306
3.27,3.27,1013,87,49.24768674574751,20.004351309861836,3.3,20260518_075306
2.26,2.26,1013,86,49.24768674574751,20.04470868326342,3.3,20260518_075306
4.79,4.79,1013,86,49.24768674574751,20.085066056665003,3.3,20260518_075306
5.51,5.51,1013,88,49.24768674574751,20.125423430066586,3.3,20260518_075306
6.15,6.15,1014,93,49.263153953848196,19.76220706945233,2.86,20260518_075306
4.3,4.3,1014,92,49.263153953848196,19.802564442853914,3.04,20260518_075306
5.79,5.79,1013,91,49.263153953848196,19.842921816255497,3.04,20260518_075306
6.64,6.64,1013,90,49.263153953848196,19.88327918965708,3.04,20260518_075306
5.19,5.19,1013,89,49.263153953848196,19.923636563058665,3.04,20260518_075306
5.06,5.06,1013,88,49.263153953848196,19.963993936460252,3.04,20260518_075306
5.7,5.7,1013,88,49.263153953848196,20.004351309861836,3.3,20260518_075306
4.87,4.87,1013,87,49.263153953848196,20.04470868326342,3.3,20260518_075306
5.28,5.28,1013,86,49.263153953848196,20.085066056665003,3.3,20260518_075306
6.42,6.42,1013,86,49.263153953848196,20.125423430066586,3.3,20260518_075306
7.48,7.48,1014,93,49.27862116194888,19.76220706945233,2.86,20260518_075306
6.1,6.1,1014,92,49.27862116194888,19.802564442853914,3.04,20260518_075306
6.78,6.78,1013,92,49.27862116194888,19.842921816255497,3.04,20260518_075306
7.15,7.15,1013,91,49.27862116194888,19.88327918965708,3.04,20260518_075306
7.15,7.15,1013,90,49.27862116194888,19.923636563058665,3.04,20260518_075306
7.36,7.36,1013,89,49.27862116194888,19.963993936460252,3.04,20260518_075306
6.42,6.42,1013,88,49.27862116194888,20.004351309861836,3.3,20260518_075306
6.05,6.05,1013,88,49.27862116194888,20.04470868326342,3.3,20260518_075306
7.09,7.09,1013,87,49.27862116194888,20.085066056665003,3.3,20260518_075306
7.14,7.14,1013,87,49.27862116194888,20.125423430066586,3.3,20260518_075306
7.48,7.48,1014,93,49.294088370049565,19.76220706945233,2.86,20260518_075306
6.1,6.1,1014,92,49.294088370049565,19.802564442853914,3.04,20260518_075306
6.78,6.78,1013,92,49.294088370049565,19.842921816255497,3.04,20260518_075306
7.15,7.15,1013,91,49.294088370049565,19.88327918965708,3.04,20260518_075306
7.15,7.15,1013,90,49.294088370049565,19.923636563058665,3.04,20260518_075306
7.79,7.79,1013,89,49.294088370049565,19.963993936460252,3.04,20260518_075306
7.53,7.53,1013,88,49.294088370049565,20.004351309861836,3.3,20260518_075306
7.31,7.31,1013,88,49.294088370049565,20.04470868326342,3.3,20260518_075306
7.46,7.46,1013,87,49.294088370049565,20.085066056665003,3.3,20260518_075306
7.57,7.57,1013,87,49.294088370049565,20.125423430066586,3.3,20260518_075306
7.34,7.34,1014,93,49.309555578150245,19.76220706945233,2.86,20260518_075306
6.72,6.72,1014,93,49.309555578150245,19.802564442853914,3.04,20260518_075306
7.53,7.53,1014,92,49.309555578150245,19.842921816255497,3.04,20260518_075306
6.43,6.43,1013,91,49.309555578150245,19.88327918965708,3.04,20260518_075306
6.43,6.43,1013,90,49.309555578150245,19.923636563058665,3.04,20260518_075306
6.62,6.62,1013,90,49.309555578150245,19.963993936460252,3.04,20260518_075306
8.1,8.1,1013,89,49.309555578150245,20.004351309861836,3.3,20260518_075306
7.75,7.75,1013,89,49.309555578150245,20.04470868326342,3.3,20260518_075306
6.74,6.74,1013,88,49.309555578150245,20.085066056665003,3.3,20260518_075306
6.94,6.94,1013,88,49.309555578150245,20.125423430066586,3.3,20260518_075306
10.59,9.51,1028,69,49.17035070524409,19.76220706945233,15.97,20260525_080935
13.08,12.22,1028,68,49.17035070524409,19.802564442853914,15.47,20260525_080935
11.43,10.38,1028,67,49.17035070524409,19.842921816255497,15.47,20260525_080935
17.31,16.82,1028,66,49.17035070524409,19.88327918965708,15.47,20260525_080935
19.86,19.6,1028,65,49.17035070524409,19.923636563058665,15.47,20260525_080935
17.3,16.76,1028,64,49.17035070524409,19.963993936460252,15.47,20260525_080935
15.69,14.96,1028,63,49.17035070524409,20.004351309861836,14.24,20260525_080935
13.49,12.17,1028,49,49.17035070524409,20.04470868326342,14.24,20260525_080935
13.15,11.96,1028,55,49.17035070524409,20.085066056665003,14.24,20260525_080935
14.03,12.92,1028,55,49.17035070524409,20.125423430066586,14.24,20260525_080935
10.74,9.72,1028,71,49.18581791334477,19.76220706945233,15.97,20260525_080935
11.28,10.29,1028,70,49.18581791334477,19.802564442853914,15.47,20260525_080935
11.85,10.87,1028,68,49.18581791334477,19.842921816255497,15.47,20260525_080935
16.78,16.26,1028,67,49.18581791334477,19.88327918965708,15.47,20260525_080935
17.44,16.96,1028,66,49.18581791334477,19.923636563058665,15.47,20260525_080935
15.65,14.97,1028,65,49.18581791334477,19.963993936460252,15.47,20260525_080935
18.23,17.78,1028,64,49.18581791334477,20.004351309861836,14.24,20260525_080935
15.19,14.04,1028,49,49.18581791334477,20.04470868326342,14.24,20260525_080935
15.31,14.33,1028,55,49.18581791334477,20.085066056665003,14.24,20260525_080935
16.87,16.05,1028,55,49.18581791334477,20.125423430066586,14.24,20260525_080935
11.77,10.88,1029,72,49.20128512144546,19.76220706945233,13.59,20260525_080935
14.07,13.39,1028,71,49.20128512144546,19.802564442853914,11.96,20260525_080935
12.05,11.14,1028,70,49.20128512144546,19.842921816255497,11.96,20260525_080935
15.79,15.2,1028,68,49.20128512144546,19.88327918965708,11.96,20260525_080935
20.14,19.96,1028,67,49.20128512144546,19.923636563058665,11.96,20260525_080935
16.16,15.55,1028,66,49.20128512144546,19.963993936460252,11.96,20260525_080935
15.37,14.66,1028,65,49.20128512144546,20.004351309861836,11.91,20260525_080935
13.8,12.91,1028,64,49.20128512144546,20.04470868326342,11.91,20260525_080935
15.61,14.82,1028,61,49.20128512144546,20.085066056665003,11.91,20260525_080935
16.81,15.98,1028,55,49.20128512144546,20.125423430066586,11.91,20260525_080935
11.77,10.88,1029,72,49.21675232954614,19.76220706945233,13.59,20260525_080935
14.07,13.39,1028,71,49.21675232954614,19.802564442853914,11.96,20260525_080935
12.05,11.14,1028,70,49.21675232954614,19.842921816255497,11.96,20260525_080935
13.67,12.87,1028,68,49.21675232954614,19.88327918965708,11.96,20260525_080935
17.25,16.78,1028,67,49.21675232954614,19.923636563058665,11.96,20260525_080935
17.48,17.01,1028,66,49.21675232954614,19.963993936460252,11.96,20260525_080935
15.07,14.33,1028,65,49.21675232954614,20.004351309861836,11.91,20260525_080935
17.51,16.99,1028,64,49.21675232954614,20.04470868326342,11.91,20260525_080935
18.86,18.39,1028,61,49.21675232954614,20.085066056665003,11.91,20260525_080935
15.19,14.36,1028,61,49.21675232954614,20.125423430066586,11.91,20260525_080935
13.09,12.36,1029,73,49.23221953764683,19.76220706945233,13.59,20260525_080935
14.11,13.46,1029,72,49.23221953764683,19.802564442853914,11.96,20260525_080935
12.03,11.14,1029,71,49.23221953764683,19.842921816255497,11.96,20260525_080935
15.75,15.21,1028,70,49.23221953764683,19.88327918965708,11.96,20260525_080935
15.58,14.97,1028,68,49.23221953764683,19.923636563058665,11.96,20260525_080935
16.44,15.89,1028,67,49.23221953764683,19.963993936460252,11.96,20260525_080935
16.64,16.08,1028,66,49.23221953764683,20.004351309861836,11.91,20260525_080935
13.93,13.08,1028,65,49.23221953764683,20.04470868326342,11.91,20260525_080935
19.38,18.97,1028,61,49.23221953764683,20.085066056665003,11.91,20260525_080935
17.38,16.77,1028,61,49.23221953764683,20.125423430066586,11.91,20260525_080935
13.09,12.36,1029,73,49.24768674574751,19.76220706945233,13.59,20260525_080935
14.11,13.46,1029,72,49.24768674574751,19.802564442853914,11.96,20260525_080935
12.03,11.14,1029,71,49.24768674574751,19.842921816255497,11.96,20260525_080935
15.75,15.21,1028,70,49.24768674574751,19.88327918965708,11.96,20260525_080935
12.07,11.11,1028,68,49.24768674574751,19.923636563058665,11.96,20260525_080935
18.12,17.74,1028,67,49.24768674574751,19.963993936460252,11.96,20260525_080935
17.16,16.65,1028,66,49.24768674574751,20.004351309861836,11.91,20260525_080935
16.15,15.52,1028,65,49.24768674574751,20.04470868326342,11.91,20260525_080935
18.68,18.27,1028,64,49.24768674574751,20.085066056665003,11.91,20260525_080935
19.4,18.99,1028,61,49.24768674574751,20.125423430066586,11.91,20260525_080935
15.81,15.38,1029,74,49.263153953848196,19.76220706945233,13.59,20260525_080935
13.92,13.27,1029,73,49.263153953848196,19.802564442853914,11.96,20260525_080935
15.38,14.85,1029,72,49.263153953848196,19.842921816255497,11.96,20260525_080935
16.19,15.72,1029,71,49.263153953848196,19.88327918965708,11.96,20260525_080935
14.69,14.04,1028,70,49.263153953848196,19.923636563058665,11.96,20260525_080935
18.95,18.68,1028,68,49.263153953848196,19.963993936460252,11.96,20260525_080935
19.59,19.35,1028,67,49.263153953848196,20.004351309861836,11.91,20260525_080935
18.76,18.41,1028,66,49.263153953848196,20.04470868326342,11.91,20260525_080935
19.17,18.84,1028,65,49.263153953848196,20.085066056665003,11.91,20260525_080935
20.31,20.07,1028,64,49.263153953848196,20.125423430066586,11.91,20260525_080935
17.14,16.89,1029,76,49.27862116194888,19.76220706945233,13.59,20260525_080935
15.73,15.29,1029,74,49.27862116194888,19.802564442853914,11.96,20260525_080935
16.36,15.96,1029,73,49.27862116194888,19.842921816255497,11.96,20260525_080935
16.71,16.32,1029,72,49.27862116194888,19.88327918965708,11.96,20260525_080935
16.66,16.24,1029,71,49.27862116194888,19.923636563058665,11.96,20260525_080935
21.25,21.26,1028,70,49.27862116194888,19.963993936460252,11.96,20260525_080935
20.31,20.17,1028,68,49.27862116194888,20.004351309861836,11.91,20260525_080935
19.94,19.74,1028,67,49.27862116194888,20.04470868326342,11.91,20260525_080935
20.98,20.86,1028,66,49.27862116194888,20.085066056665003,11.91,20260525_080935
21.03,20.89,1028,65,49.27862116194888,20.125423430066586,11.91,20260525_080935
17.14,16.89,1029,76,49.294088370049565,19.76220706945233,13.59,20260525_080935
15.73,15.29,1029,74,49.294088370049565,19.802564442853914,11.96,20260525_080935
16.36,15.96,1029,73,49.294088370049565,19.842921816255497,11.96,20260525_080935
16.71,16.32,1029,72,49.294088370049565,19.88327918965708,11.96,20260525_080935
16.66,16.24,1029,71,49.294088370049565,19.923636563058665,11.96,20260525_080935
17.27,16.88,1028,70,49.294088370049565,19.963993936460252,11.96,20260525_080935
21.42,21.39,1028,68,49.294088370049565,20.004351309861836,11.91,20260525_080935
21.2,21.13,1028,67,49.294088370049565,20.04470868326342,11.91,20260525_080935
21.35,21.26,1028,66,49.294088370049565,20.085066056665003,11.91,20260525_080935
21.46,21.36,1028,65,49.294088370049565,20.125423430066586,11.91,20260525_080935
17.0,16.77,1029,77,49.309555578150245,19.76220706945233,13.59,20260525_080935
16.35,16.03,1029,76,49.309555578150245,19.802564442853914,11.96,20260525_080935
17.13,16.83,1029,74,49.309555578150245,19.842921816255497,11.96,20260525_080935
16.0,15.56,1029,73,49.309555578150245,19.88327918965708,11.96,20260525_080935
15.95,15.48,1029,72,49.309555578150245,19.923636563058665,11.96,20260525_080935
16.12,15.64,1029,71,49.309555578150245,19.963993936460252,11.96,20260525_080935
17.57,17.21,1028,70,49.309555578150245,20.004351309861836,11.91,20260525_080935
21.64,21.64,1028,68,49.309555578150245,20.04470868326342,11.91,20260525_080935
20.63,20.5,1028,67,49.309555578150245,20.085066056665003,11.91,20260525_080935
20.83,20.69,1028,66,49.309555578150245,20.125423430066586,11.91,20260525_080935
6.51,6.51,1012,92,49.17035070524409,19.76220706945233,1.01,20260601_090919
8.97,8.97,1012,92,49.17035070524409,19.802564442853914,1.1,20260601_090919
7.29,7.29,1012,92,49.17035070524409,19.842921816255497,1.1,20260601_090919
8.31,8.31,1012,92,49.17035070524409,19.88327918965708,1.1,20260601_090919
10.86,10.4,1012,92,49.17035070524409,19.923636563058665,1.1,20260601_090919
8.3,8.3,1012,92,49.17035070524409,19.963993936460252,1.1,20260601_090919
6.69,6.69,1012,92,49.17035070524409,20.004351309861836,1.62,20260601_090919
4.49,2.71,1012,88,49.17035070524409,20.04470868326342,1.62,20260601_090919
3.94,2.07,1012,89,49.17035070524409,20.085066056665003,1.62,20260601_090919
4.8,3.07,1012,89,49.17035070524409,20.125423430066586,1.62,20260601_090919
6.71,6.71,1012,92,49.18581791334477,19.76220706945233,1.01,20260601_090919
7.22,7.22,1012,92,49.18581791334477,19.802564442853914,1.1,20260601_090919
7.77,7.77,1012,92,49.18581791334477,19.842921816255497,1.1,20260601_090919
7.78,7.78,1012,92,49.18581791334477,19.88327918965708,1.1,20260601_090919
8.44,8.44,1012,92,49.18581791334477,19.923636563058665,1.1,20260601_090919
6.65,6.65,1012,92,49.18581791334477,19.963993936460252,1.1,20260601_090919
9.23,9.23,1012,92,49.18581791334477,20.004351309861836,1.62,20260601_090919
6.19,4.7,1012,88,49.18581791334477,20.04470868326342,1.62,20260601_090919
6.09,4.58,1012,89,49.18581791334477,20.085066056665003,1.62,20260601_090919
7.63,6.38,1012,89,49.18581791334477,20.125423430066586,1.62,20260601_090919
7.79,7.79,1012,92,49.20128512144546,19.76220706945233,1.52,20260601_090919
10.08,9.55,1012,92,49.20128512144546,19.802564442853914,1.8,20260601_090919
8.03,8.03,1012,92,49.20128512144546,19.842921816255497,1.8,20260601_090919
6.79,6.79,1012,92,49.20128512144546,19.88327918965708,1.8,20260601_090919
11.14,10.71,1012,92,49.20128512144546,19.923636563058665,1.8,20260601_090919
7.16,7.16,1012,92,49.20128512144546,19.963993936460252,1.8,20260601_090919
6.37,6.37,1012,92,49.20128512144546,20.004351309861836,2.25,20260601_090919
4.8,4.8,1012,92,49.20128512144546,20.04470868326342,2.25,20260601_090919
6.16,4.66,1012,90,49.20128512144546,20.085066056665003,2.25,20260601_090919
7.56,6.3,1012,89,49.20128512144546,20.125423430066586,2.25,20260601_090919
7.79,7.79,1012,92,49.21675232954614,19.76220706945233,1.52,20260601_090919
10.08,9.55,1012,92,49.21675232954614,19.802564442853914,1.8,20260601_090919
8.03,8.03,1012,92,49.21675232954614,19.842921816255497,1.8,20260601_090919
9.62,9.62,1012,92,49.21675232954614,19.88327918965708,1.8,20260601_090919
8.25,8.25,1012,92,49.21675232954614,19.923636563058665,1.8,20260601_090919
8.48,8.48,1012,92,49.21675232954614,19.963993936460252,1.8,20260601_090919
6.07,6.07,1012,92,49.21675232954614,20.004351309861836,2.25,20260601_090919
8.06,8.06,1012,92,49.21675232954614,20.04470868326342,2.25,20260601_090919
9.41,8.46,1012,90,49.21675232954614,20.085066056665003,2.25,20260601_090919
5.74,4.17,1012,90,49.21675232954614,20.125423430066586,2.25,20260601_090919
9.17,9.17,1012,92,49.23221953764683,19.76220706945233,1.52,20260601_090919
10.17,9.64,1012,92,49.23221953764683,19.802564442853914,1.8,20260601_090919
8.06,8.06,1012,92,49.23221953764683,19.842921816255497,1.8,20260601_090919
11.76,11.39,1012,92,49.23221953764683,19.88327918965708,1.8,20260601_090919
6.58,6.58,1012,92,49.23221953764683,19.923636563058665,1.8,20260601_090919
7.44,7.44,1012,92,49.23221953764683,19.963993936460252,1.8,20260601_090919
7.19,7.19,1012,92,49.23221953764683,20.004351309861836,2.25,20260601_090919
4.48,4.48,1012,92,49.23221953764683,20.04470868326342,2.25,20260601_090919
9.93,9.93,1012,90,49.23221953764683,20.085066056665003,2.25,20260601_090919
7.93,6.73,1012,90,49.23221953764683,20.125423430066586,2.25,20260601_090919
9.17,9.17,1012,92,49.24768674574751,19.76220706945233,1.52,20260601_090919
10.17,9.64,1012,92,49.24768674574751,19.802564442853914,1.8,20260601_090919
8.06,8.06,1012,92,49.24768674574751,19.842921816255497,1.8,20260601_090919
11.76,11.39,1012,92,49.24768674574751,19.88327918965708,1.8,20260601_090919
8.05,8.05,1012,92,49.24768674574751,19.923636563058665,1.8,20260601_090919
8.67,8.67,1012,92,49.24768674574751,19.963993936460252,1.8,20260601_090919
7.71,7.71,1012,92,49.24768674574751,20.004351309861836,2.25,20260601_090919
6.7,6.7,1012,92,49.24768674574751,20.04470868326342,2.25,20260601_090919
9.23,9.23,1012,92,49.24768674574751,20.085066056665003,2.25,20260601_090919
9.95,9.95,1012,90,49.24768674574751,20.125423430066586,2.25,20260601_090919
11.95,11.6,1012,92,49.263153953848196,19.76220706945233,1.52,20260601_090919
10.04,9.5,1012,92,49.263153953848196,19.802564442853914,1.8,20260601_090919
11.47,11.07,1012,92,49.263153953848196,19.842921816255497,1.8,20260601_090919
12.26,11.94,1012,92,49.263153953848196,19.88327918965708,1.8,20260601_090919
10.74,10.27,1012,92,49.263153953848196,19.923636563058665,1.8,20260601_090919
9.5,9.5,1012,92,49.263153953848196,19.963993936460252,1.8,20260601_090919
10.14,9.61,1012,92,49.263153953848196,20.004351309861836,2.25,20260601_090919
9.31,9.31,1012,92,49.263153953848196,20.04470868326342,2.25,20260601_090919
9.72,9.72,1012,92,49.263153953848196,20.085066056665003,2.25,20260601_090919
10.86,10.4,1012,92,49.263153953848196,20.125423430066586,2.25,20260601_090919
13.32,13.14,1012,93,49.27862116194888,19.76220706945233,1.52,20260601_090919
11.9,11.55,1012,92,49.27862116194888,19.802564442853914,1.8,20260601_090919
12.51,12.22,1012,92,49.27862116194888,19.842921816255497,1.8,20260601_090919
12.84,12.58,1012,92,49.27862116194888,19.88327918965708,1.8,20260601_090919
12.77,12.5,1012,92,49.27862116194888,19.923636563058665,1.8,20260601_090919
11.8,11.44,1012,92,49.27862116194888,19.963993936460252,1.8,20260601_090919
10.86,10.4,1012,92,49.27862116194888,20.004351309861836,2.25,20260601_090919
10.49,10.0,1012,92,49.27862116194888,20.04470868326342,2.25,20260601_090919
11.53,11.14,1012,92,49.27862116194888,20.085066056665003,2.25,20260601_090919
11.58,11.2,1012,92,49.27862116194888,20.125423430066586,2.25,20260601_090919
13.32,13.14,1012,93,49.294088370049565,19.76220706945233,1.52,20260601_090919
11.9,11.55,1012,92,49.294088370049565,19.802564442853914,1.8,20260601_090919
12.51,12.22,1012,92,49.294088370049565,19.842921816255497,1.8,20260601_090919
12.84,12.58,1012,92,49.294088370049565,19.88327918965708,1.8,20260601_090919
12.77,12.5,1012,92,49.294088370049565,19.923636563058665,1.8,20260601_090919
13.35,13.14,1012,92,49.294088370049565,19.963993936460252,1.8,20260601_090919
11.97,11.62,1012,92,49.294088370049565,20.004351309861836,2.25,20260601_090919
11.75,11.38,1012,92,49.294088370049565,20.04470868326342,2.25,20260601_090919
11.9,11.55,1012,92,49.294088370049565,20.085066056665003,2.25,20260601_090919
12.01,11.67,1012,92,49.294088370049565,20.125423430066586,2.25,20260601_090919
13.24,13.05,1012,93,49.309555578150245,19.76220706945233,1.52,20260601_090919
12.57,12.28,1012,92,49.309555578150245,19.802564442853914,1.8,20260601_090919
13.33,13.12,1012,92,49.309555578150245,19.842921816255497,1.8,20260601_090919
12.18,11.86,1012,92,49.309555578150245,19.88327918965708,1.8,20260601_090919
12.12,11.79,1012,92,49.309555578150245,19.923636563058665,1.8,20260601_090919
12.26,11.94,1012,92,49.309555578150245,19.963993936460252,1.8,20260601_090919
13.69,13.52,1012,92,49.309555578150245,20.004351309861836,2.25,20260601_090919
12.19,11.87,1012,92,49.309555578150245,20.04470868326342,2.25,20260601_090919
11.18,10.76,1012,92,49.309555578150245,20.085066056665003,2.25,20260601_090919
11.38,10.98,1012,92,49.309555578150245,20.125423430066586,2.25,20260601_090919
11.28,9.9,1021,55,49.17035070524409,19.76220706945233,4.94,20260608_084304
13.73,12.57,1021,54,49.17035070524409,19.802564442853914,4.25,20260608_084304
12.05,10.72,1021,54,49.17035070524409,19.842921816255497,4.25,20260608_084304
12.32,11.02,1021,54,49.17035070524409,19.88327918965708,4.25,20260608_084304
16.92,16.05,1021,53,49.17035070524409,19.923636563058665,4.25,20260608_084304
14.36,13.24,1021,53,49.17035070524409,19.963993936460252,4.25,20260608_084304
12.74,11.45,1021,53,49.17035070524409,20.004351309861836,4.37,20260608_084304
10.54,9.19,1021,59,49.17035070524409,20.04470868326342,4.37,20260608_084304
10.29,8.92,1021,59,49.17035070524409,20.085066056665003,4.37,20260608_084304
11.17,9.88,1021,59,49.17035070524409,20.125423430066586,4.37,20260608_084304
11.44,10.08,1021,55,49.18581791334477,19.76220706945233,4.94,20260608_084304
11.94,10.63,1021,55,49.18581791334477,19.802564442853914,4.25,20260608_084304
12.48,11.22,1021,55,49.18581791334477,19.842921816255497,4.25,20260608_084304
11.22,9.81,1021,54,49.18581791334477,19.88327918965708,4.25,20260608_084304
14.5,13.42,1021,54,49.18581791334477,19.923636563058665,4.25,20260608_084304
12.71,11.45,1021,54,49.18581791334477,19.963993936460252,4.25,20260608_084304
15.29,14.26,1021,53,49.18581791334477,20.004351309861836,4.37,20260608_084304
12.25,11.07,1021,59,49.18581791334477,20.04470868326342,4.37,20260608_084304
12.45,11.29,1021,59,49.18581791334477,20.085066056665003,4.37,20260608_084304
14.02,13.02,1021,59,49.18581791334477,20.125423430066586,4.37,20260608_084304
12.47,11.23,1021,56,49.20128512144546,19.76220706945233,4.42,20260608_084304
14.75,13.72,1021,55,49.20128512144546,19.802564442853914,3.51,20260608_084304
12.7,11.46,1021,55,49.20128512144546,19.842921816255497,3.51,20260608_084304
14.29,13.21,1021,55,49.20128512144546,19.88327918965708,3.51,20260608_084304
17.2,16.39,1021,54,49.20128512144546,19.923636563058665,3.51,20260608_084304
13.22,12.01,1021,54,49.20128512144546,19.963993936460252,3.51,20260608_084304
12.43,11.14,1021,54,49.20128512144546,20.004351309861836,3.85,20260608_084304
10.86,9.39,1021,53,49.20128512144546,20.04470868326342,3.85,20260608_084304
12.83,11.71,1021,59,49.20128512144546,20.085066056665003,3.85,20260608_084304
13.95,12.94,1021,59,49.20128512144546,20.125423430066586,3.85,20260608_084304
12.47,11.23,1021,56,49.21675232954614,19.76220706945233,4.42,20260608_084304
14.75,13.72,1021,55,49.21675232954614,19.802564442853914,3.51,20260608_084304
12.7,11.46,1021,55,49.21675232954614,19.842921816255497,3.51,20260608_084304
14.29,13.21,1021,55,49.21675232954614,19.88327918965708,3.51,20260608_084304
14.31,13.21,1021,54,49.21675232954614,19.923636563058665,3.51,20260608_084304
14.54,13.46,1021,54,49.21675232954614,19.963993936460252,3.51,20260608_084304
12.13,10.81,1021,54,49.21675232954614,20.004351309861836,3.85,20260608_084304
14.73,13.64,1021,53,49.21675232954614,20.04470868326342,3.85,20260608_084304
16.08,15.28,1021,59,49.21675232954614,20.085066056665003,3.85,20260608_084304
12.41,11.25,1021,59,49.21675232954614,20.125423430066586,3.85,20260608_084304
13.81,12.71,1021,56,49.23221953764683,19.76220706945233,4.42,20260608_084304
14.8,13.8,1021,56,49.23221953764683,19.802564442853914,3.51,20260608_084304
12.7,11.49,1021,56,49.23221953764683,19.842921816255497,3.51,20260608_084304
16.39,15.52,1021,55,49.23221953764683,19.88327918965708,3.51,20260608_084304
12.64,11.4,1021,55,49.23221953764683,19.923636563058665,3.51,20260608_084304
13.5,12.34,1021,55,49.23221953764683,19.963993936460252,3.51,20260608_084304
13.86,12.71,1021,54,49.23221953764683,20.004351309861836,3.85,20260608_084304
11.15,9.73,1021,54,49.23221953764683,20.04470868326342,3.85,20260608_084304
16.6,15.86,1021,59,49.23221953764683,20.085066056665003,3.85,20260608_084304
14.6,13.66,1021,59,49.23221953764683,20.125423430066586,3.85,20260608_084304
13.81,12.71,1021,56,49.24768674574751,19.76220706945233,4.42,20260608_084304
14.8,13.8,1021,56,49.24768674574751,19.802564442853914,3.51,20260608_084304
12.7,11.49,1021,56,49.24768674574751,19.842921816255497,3.51,20260608_084304
16.39,15.52,1021,55,49.24768674574751,19.88327918965708,3.51,20260608_084304
12.68,11.44,1021,55,49.24768674574751,19.923636563058665,3.51,20260608_084304
15.34,14.37,1021,55,49.24768674574751,19.963993936460252,3.51,20260608_084304
14.38,13.28,1021,54,49.24768674574751,20.004351309861836,3.85,20260608_084304
13.37,12.17,1021,54,49.24768674574751,20.04470868326342,3.85,20260608_084304
15.9,14.93,1021,53,49.24768674574751,20.085066056665003,3.85,20260608_084304
16.62,15.88,1021,59,49.24768674574751,20.125423430066586,3.85,20260608_084304
16.55,15.75,1021,57,49.263153953848196,19.76220706945233,4.42,20260608_084304
14.63,13.61,1021,56,49.263153953848196,19.802564442853914,3.51,20260608_084304
16.06,15.18,1021,56,49.263153953848196,19.842921816255497,3.51,20260608_084304
16.85,16.05,1021,56,49.263153953848196,19.88327918965708,3.51,20260608_084304
15.32,14.37,1021,56,49.263153953848196,19.923636563058665,3.51,20260608_084304
16.17,15.28,1021,55,49.263153953848196,19.963993936460252,3.51,20260608_084304
16.81,15.98,1021,55,49.263153953848196,20.004351309861836,3.85,20260608_084304
15.98,15.04,1021,54,49.263153953848196,20.04470868326342,3.85,20260608_084304
16.39,15.49,1021,54,49.263153953848196,20.085066056665003,3.85,20260608_084304
17.53,16.72,1021,53,49.263153953848196,20.125423430066586,3.85,20260608_084304
17.89,17.22,1021,57,49.27862116194888,19.76220706945233,4.42,20260608_084304
16.45,15.64,1021,57,49.27862116194888,19.802564442853914,3.51,20260608_084304
17.06,16.31,1021,57,49.27862116194888,19.842921816255497,3.51,20260608_084304
17.39,16.65,1021,56,49.27862116194888,19.88327918965708,3.51,20260608_084304
17.3,16.55,1021,56,49.27862116194888,19.923636563058665,3.51,20260608_084304
18.47,17.83,1021,56,49.27862116194888,19.963993936460252,3.51,20260608_084304
17.53,16.8,1021,56,49.27862116194888,20.004351309861836,3.85,20260608_084304
17.16,16.37,1021,55,49.27862116194888,20.04470868326342,3.85,20260608_084304
18.2,17.49,1021,54,49.27862116194888,20.085066056665003,3.85,20260608_084304
18.25,17.54,1021,54,49.27862116194888,20.125423430066586,3.85,20260608_084304
17.89,17.22,1021,57,49.294088370049565,19.76220706945233,4.42,20260608_084304
16.45,15.64,1021,57,49.294088370049565,19.802564442853914,3.51,20260608_084304
17.06,16.31,1021,57,49.294088370049565,19.842921816255497,3.51,20260608_084304
17.39,16.65,1021,56,49.294088370049565,19.88327918965708,3.51,20260608_084304
17.3,16.55,1021,56,49.294088370049565,19.923636563058665,3.51,20260608_084304
17.89,17.2,1021,56,49.294088370049565,19.963993936460252,3.51,20260608_084304
18.64,18.02,1021,56,49.294088370049565,20.004351309861836,3.85,20260608_084304
18.42,17.75,1021,55,49.294088370049565,20.04470868326342,3.85,20260608_084304
18.57,17.89,1021,54,49.294088370049565,20.085066056665003,3.85,20260608_084304
18.68,18.01,1021,54,49.294088370049565,20.125423430066586,3.85,20260608_084304
17.76,17.11,1021,58,49.309555578150245,19.76220706945233,4.42,20260608_084304
17.09,16.34,1021,57,49.309555578150245,19.802564442853914,3.51,20260608_084304
17.84,17.17,1021,57,49.309555578150245,19.842921816255497,3.51,20260608_084304
16.69,15.9,1021,57,49.309555578150245,19.88327918965708,3.51,20260608_084304
16.61,15.81,1021,57,49.309555578150245,19.923636563058665,3.51,20260608_084304
16.75,15.97,1021,57,49.309555578150245,19.963993936460252,3.51,20260608_084304
18.18,17.52,1021,56,49.309555578150245,20.004351309861836,3.85,20260608_084304
18.86,18.26,1021,56,49.309555578150245,20.04470868326342,3.85,20260608_084304
17.85,17.13,1021,55,49.309555578150245,20.085066056665003,3.85,20260608_084304
18.05,17.32,1021,54,49.309555578150245,20.125423430066586,3.85,20260608_084304
6.42,4.2,1013,70,49.17035070524409,19.76220706945233,1.7,20260615_095004
8.92,7.2,1013,69,49.17035070524409,19.802564442853914,1.62,20260615_095004
7.29,5.23,1012,68,49.17035070524409,19.842921816255497,1.62,20260615_095004
7.61,5.59,1012,67,49.17035070524409,19.88327918965708,1.62,20260615_095004
10.81,9.64,1012,65,49.17035070524409,19.923636563058665,1.62,20260615_095004
8.25,6.29,1012,64,49.17035070524409,19.963993936460252,1.62,20260615_095004
6.63,4.31,1012,63,49.17035070524409,20.004351309861836,1.54,20260615_095004
4.43,1.63,1012,68,49.17035070524409,20.04470868326342,1.54,20260615_095004
4.18,1.3,1012,68,49.17035070524409,20.085066056665003,1.54,20260615_095004
5.06,2.34,1012,68,49.17035070524409,20.125423430066586,1.54,20260615_095004
6.56,4.39,1013,70,49.18581791334477,19.76220706945233,1.7,20260615_095004
7.11,5.06,1012,70,49.18581791334477,19.802564442853914,1.62,20260615_095004
7.7,5.78,1012,69,49.18581791334477,19.842921816255497,1.62,20260615_095004
6.49,4.31,1012,68,49.18581791334477,19.88327918965708,1.62,20260615_095004
8.39,6.56,1012,66,49.18581791334477,19.923636563058665,1.62,20260615_095004
6.6,4.39,1012,65,49.18581791334477,19.963993936460252,1.62,20260615_095004
9.18,7.47,1012,64,49.18581791334477,20.004351309861836,1.54,20260615_095004
6.14,3.79,1012,68,49.18581791334477,20.04470868326342,1.54,20260615_095004
6.34,4.0,1012,68,49.18581791334477,20.085066056665003,1.54,20260615_095004
7.91,5.89,1012,68,49.18581791334477,20.125423430066586,1.54,20260615_095004
7.58,5.59,1012,71,49.20128512144546,19.76220706945233,1.55,20260615_095004
9.9,8.41,1012,71,49.20128512144546,19.802564442853914,1.46,20260615_095004
7.9,6.02,1012,70,49.20128512144546,19.842921816255497,1.46,20260615_095004
9.53,7.98,1012,69,49.20128512144546,19.88327918965708,1.46,20260615_095004
11.09,10.0,1012,67,49.20128512144546,19.923636563058665,1.46,20260615_095004
7.11,5.04,1012,65,49.20128512144546,19.963993936460252,1.46,20260615_095004
6.32,4.08,1012,64,49.20128512144546,20.004351309861836,1.37,20260615_095004
4.75,2.18,1012,63,49.20128512144546,20.04470868326342,1.37,20260615_095004
6.72,4.53,1012,68,49.20128512144546,20.085066056665003,1.37,20260615_095004
7.84,5.87,1012,68,49.20128512144546,20.125423430066586,1.37,20260615_095004
7.58,5.59,1012,71,49.21675232954614,19.76220706945233,1.55,20260615_095004
9.9,8.41,1012,71,49.21675232954614,19.802564442853914,1.46,20260615_095004
7.9,6.02,1012,70,49.21675232954614,19.842921816255497,1.46,20260615_095004
9.53,7.98,1012,69,49.21675232954614,19.88327918965708,1.46,20260615_095004
8.2,6.36,1012,67,49.21675232954614,19.923636563058665,1.46,20260615_095004
8.43,6.63,1012,65,49.21675232954614,19.963993936460252,1.46,20260615_095004
6.02,3.72,1012,64,49.21675232954614,20.004351309861836,1.37,20260615_095004
8.62,6.84,1012,63,49.21675232954614,20.04470868326342,1.37,20260615_095004
9.97,8.44,1012,68,49.21675232954614,20.085066056665003,1.37,20260615_095004
6.3,4.02,1012,68,49.21675232954614,20.125423430066586,1.37,20260615_095004
8.9,7.11,1012,71,49.23221953764683,19.76220706945233,1.55,20260615_095004
9.94,8.41,1012,71,49.23221953764683,19.802564442853914,1.46,20260615_095004
7.87,5.94,1012,70,49.23221953764683,19.842921816255497,1.46,20260615_095004
11.61,10.63,1012,69,49.23221953764683,19.88327918965708,1.46,20260615_095004
6.53,4.34,1012,67,49.23221953764683,19.923636563058665,1.46,20260615_095004
7.39,5.37,1012,66,49.23221953764683,19.963993936460252,1.46,20260615_095004
7.75,5.8,1012,65,49.23221953764683,20.004351309861836,1.37,20260615_095004
5.04,2.54,1012,64,49.23221953764683,20.04470868326342,1.37,20260615_095004
10.49,9.37,1012,68,49.23221953764683,20.085066056665003,1.37,20260615_095004
8.49,6.68,1012,68,49.23221953764683,20.125423430066586,1.37,20260615_095004
8.9,7.11,1012,71,49.24768674574751,19.76220706945233,1.55,20260615_095004
9.94,8.41,1012,71,49.24768674574751,19.802564442853914,1.46,20260615_095004
7.87,5.94,1012,70,49.24768674574751,19.842921816255497,1.46,20260615_095004
11.61,10.63,1012,69,49.24768674574751,19.88327918965708,1.46,20260615_095004
7.96,6.06,1012,67,49.24768674574751,19.923636563058665,1.46,20260615_095004
9.23,7.58,1012,66,49.24768674574751,19.963993936460252,1.46,20260615_095004
8.27,6.43,1012,65,49.24768674574751,20.004351309861836,1.37,20260615_095004
7.26,5.21,1012,64,49.24768674574751,20.04470868326342,1.37,20260615_095004
9.79,8.25,1012,62,49.24768674574751,20.085066056665003,1.37,20260615_095004
10.51,9.39,1012,68,49.24768674574751,20.125423430066586,1.37,20260615_095004
11.62,10.69,1012,71,49.263153953848196,19.76220706945233,1.55,20260615_095004
9.75,8.09,1012,71,49.263153953848196,19.802564442853914,1.46,20260615_095004
11.22,10.23,1012,70,49.263153953848196,19.842921816255497,1.46,20260615_095004
12.05,11.11,1012,69,49.263153953848196,19.88327918965708,1.46,20260615_095004
10.58,9.44,1012,67,49.263153953848196,19.923636563058665,1.46,20260615_095004
10.06,8.84,1012,66,49.263153953848196,19.963993936460252,1.46,20260615_095004
10.7,9.52,1012,65,49.263153953848196,20.004351309861836,1.37,20260615_095004
9.87,8.3,1012,64,49.263153953848196,20.04470868326342,1.37,20260615_095004
10.28,8.98,1012,62,49.263153953848196,20.085066056665003,1.37,20260615_095004
11.42,10.24,1012,62,49.263153953848196,20.125423430066586,1.37,20260615_095004
12.95,12.15,1012,71,49.27862116194888,19.76220706945233,1.55,20260615_095004
11.55,10.61,1012,71,49.27862116194888,19.802564442853914,1.46,20260615_095004
12.2,11.3,1012,70,49.27862116194888,19.842921816255497,1.46,20260615_095004
12.57,11.68,1012,69,49.27862116194888,19.88327918965708,1.46,20260615_095004
12.55,11.61,1012,67,49.27862116194888,19.923636563058665,1.46,20260615_095004
12.36,11.37,1012,66,49.27862116194888,19.963993936460252,1.46,20260615_095004
11.42,10.31,1012,65,49.27862116194888,20.004351309861836,1.37,20260615_095004
11.05,9.88,1012,64,49.27862116194888,20.04470868326342,1.37,20260615_095004
12.09,10.97,1012,62,49.27862116194888,20.085066056665003,1.37,20260615_095004
12.14,11.03,1011,62,49.27862116194888,20.125423430066586,1.37,20260615_095004
12.95,12.15,1012,71,49.294088370049565,19.76220706945233,1.55,20260615_095004
11.55,10.61,1012,71,49.294088370049565,19.802564442853914,1.46,20260615_095004
12.2,11.3,1012,70,49.294088370049565,19.842921816255497,1.46,20260615_095004
12.57,11.68,1012,69,49.294088370049565,19.88327918965708,1.46,20260615_095004
12.55,11.61,1012,67,49.294088370049565,19.923636563058665,1.46,20260615_095004
13.18,12.28,1012,66,49.294088370049565,19.963993936460252,1.46,20260615_095004
12.53,11.54,1012,65,49.294088370049565,20.004351309861836,1.37,20260615_095004
12.31,11.27,1012,64,49.294088370049565,20.04470868326342,1.37,20260615_095004
12.46,11.38,1012,62,49.294088370049565,20.085066056665003,1.37,20260615_095004
12.57,11.5,1011,62,49.294088370049565,20.125423430066586,1.37,20260615_095004
12.81,12.0,1012,71,49.309555578150245,19.76220706945233,1.55,20260615_095004
12.17,11.27,1012,70,49.309555578150245,19.802564442853914,1.46,20260615_095004
12.97,12.15,1012,70,49.309555578150245,19.842921816255497,1.46,20260615_095004
11.86,10.9,1012,69,49.309555578150245,19.88327918965708,1.46,20260615_095004
11.84,10.83,1012,67,49.309555578150245,19.923636563058665,1.46,20260615_095004
12.03,11.01,1012,66,49.309555578150245,19.963993936460252,1.46,20260615_095004
13.51,12.61,1012,65,49.309555578150245,20.004351309861836,1.37,20260615_095004
12.75,11.75,1012,64,49.309555578150245,20.04470868326342,1.37,20260615_095004
11.74,10.61,1012,63,49.309555578150245,20.085066056665003,1.37,20260615_095004
11.94,10.81,1011,62,49.309555578150245,20.125423430066586,1.37,20260615_095004
15.49,14.82,1023,66,49.17035070524409,19.76220706945233,6.9,20260622_093649
17.9,17.5,1023,67,49.17035070524409,19.802564442853914,5.75,20260622_093649
16.18,15.6,1024,67,49.17035070524409,19.842921816255497,5.75,20260622_093649
16.4,15.85,1024,67,49.17035070524409,19.88327918965708,5.75,20260622_093649
21.92,21.94,1024,68,49.17035070524409,19.923636563058665,5.75,20260622_093649
19.36,19.13,1024,68,49.17035070524409,19.963993936460252,5.75,20260622_093649
17.74,17.37,1024,69,49.17035070524409,20.004351309861836,5.8,20260622_093649
15.54,14.95,1024,69,49.17035070524409,20.04470868326342,5.8,20260622_093649
15.29,14.68,1024,69,49.17035070524409,20.085066056665003,5.8,20260622_093649
16.17,15.64,1024,69,49.17035070524409,20.125423430066586,5.8,20260622_093649
15.68,15.05,1024,67,49.18581791334477,19.76220706945233,6.9,20260622_093649
16.15,15.57,1024,67,49.18581791334477,19.802564442853914,5.75,20260622_093649
16.65,16.15,1024,68,49.18581791334477,19.842921816255497,5.75,20260622_093649
15.34,14.71,1024,68,49.18581791334477,19.88327918965708,5.75,20260622_093649
19.5,19.31,1024,69,49.18581791334477,19.923636563058665,5.75,20260622_093649
17.71,17.34,1024,69,49.18581791334477,19.963993936460252,5.75,20260622_093649
20.29,20.18,1024,69,49.18581791334477,20.004351309861836,5.8,20260622_093649
17.25,16.83,1024,69,49.18581791334477,20.04470868326342,5.8,20260622_093649
17.45,17.05,1024,69,49.18581791334477,20.085066056665003,5.8,20260622_093649
19.02,18.78,1024,69,49.18581791334477,20.125423430066586,5.8,20260622_093649
16.76,16.27,1024,68,49.20128512144546,19.76220706945233,7.3,20260622_093649
19.0,18.73,1024,68,49.20128512144546,19.802564442853914,6.13,20260622_093649
16.91,16.43,1024,68,49.20128512144546,19.842921816255497,6.13,20260622_093649
18.45,18.13,1024,68,49.20128512144546,19.88327918965708,6.13,20260622_093649
22.2,22.28,1024,69,49.20128512144546,19.923636563058665,6.13,20260622_093649
18.22,17.9,1024,69,49.20128512144546,19.963993936460252,6.13,20260622_093649
17.43,17.06,1024,70,49.20128512144546,20.004351309861836,6.89,20260622_093649
15.86,15.33,1024,70,49.20128512144546,20.04470868326342,6.89,20260622_093649
17.83,17.47,1024,69,49.20128512144546,20.085066056665003,6.89,20260622_093649
18.95,18.7,1024,69,49.20128512144546,20.125423430066586,6.89,20260622_093649
16.76,16.27,1024,68,49.21675232954614,19.76220706945233,7.3,20260622_093649
19.0,18.73,1024,68,49.21675232954614,19.802564442853914,6.13,20260622_093649
16.91,16.43,1024,68,49.21675232954614,19.842921816255497,6.13,20260622_093649
18.45,18.13,1024,68,49.21675232954614,19.88327918965708,6.13,20260622_093649
19.31,19.1,1024,69,49.21675232954614,19.923636563058665,6.13,20260622_093649
19.54,19.35,1024,69,49.21675232954614,19.963993936460252,6.13,20260622_093649
17.13,16.73,1024,70,49.21675232954614,20.004351309861836,6.89,20260622_093649
19.73,19.59,1024,70,49.21675232954614,20.04470868326342,6.89,20260622_093649
21.08,21.05,1024,69,49.21675232954614,20.085066056665003,6.89,20260622_093649
17.41,17.01,1024,69,49.21675232954614,20.125423430066586,6.89,20260622_093649
18.13,17.77,1024,68,49.23221953764683,19.76220706945233,7.3,20260622_093649
19.09,18.86,1024,69,49.23221953764683,19.802564442853914,6.13,20260622_093649
16.94,16.49,1024,69,49.23221953764683,19.842921816255497,6.13,20260622_093649
20.59,20.51,1024,69,49.23221953764683,19.88327918965708,6.13,20260622_093649
17.64,17.29,1024,70,49.23221953764683,19.923636563058665,6.13,20260622_093649
18.5,18.23,1024,70,49.23221953764683,19.963993936460252,6.13,20260622_093649
18.86,18.63,1024,70,49.23221953764683,20.004351309861836,6.89,20260622_093649
16.15,15.67,1024,71,49.23221953764683,20.04470868326342,6.89,20260622_093649
21.6,21.62,1024,69,49.23221953764683,20.085066056665003,6.89,20260622_093649
19.6,19.42,1024,69,49.23221953764683,20.125423430066586,6.89,20260622_093649
18.13,17.77,1024,68,49.24768674574751,19.76220706945233,7.3,20260622_093649
19.09,18.86,1024,69,49.24768674574751,19.802564442853914,6.13,20260622_093649
16.94,16.49,1024,69,49.24768674574751,19.842921816255497,6.13,20260622_093649
20.59,20.51,1024,69,49.24768674574751,19.88327918965708,6.13,20260622_093649
16.82,16.39,1024,70,49.24768674574751,19.923636563058665,6.13,20260622_093649
20.34,20.26,1024,70,49.24768674574751,19.963993936460252,6.13,20260622_093649
19.38,19.2,1024,70,49.24768674574751,20.004351309861836,6.89,20260622_093649
18.37,18.12,1024,71,49.24768674574751,20.04470868326342,6.89,20260622_093649
20.9,20.9,1024,71,49.24768674574751,20.085066056665003,6.89,20260622_093649
21.62,21.64,1024,69,49.24768674574751,20.125423430066586,6.89,20260622_093649
20.91,20.86,1024,69,49.263153953848196,19.76220706945233,7.3,20260622_093649
18.96,18.71,1024,69,49.263153953848196,19.802564442853914,6.13,20260622_093649
20.35,20.24,1024,69,49.263153953848196,19.842921816255497,6.13,20260622_093649
21.09,21.06,1024,69,49.263153953848196,19.88327918965708,6.13,20260622_093649
19.51,19.34,1024,70,49.263153953848196,19.923636563058665,6.13,20260622_093649
21.17,21.2,1024,71,49.263153953848196,19.963993936460252,6.13,20260622_093649
21.81,21.9,1024,71,49.263153953848196,20.004351309861836,6.89,20260622_093649
20.98,20.99,1024,71,49.263153953848196,20.04470868326342,6.89,20260622_093649
21.39,21.46,1024,72,49.263153953848196,20.085066056665003,6.89,20260622_093649
22.53,22.72,1024,72,49.263153953848196,20.125423430066586,6.89,20260622_093649
22.3,22.39,1024,69,49.27862116194888,19.76220706945233,7.3,20260622_093649
20.82,20.76,1024,69,49.27862116194888,19.802564442853914,6.13,20260622_093649
21.39,21.41,1024,70,49.27862116194888,19.842921816255497,6.13,20260622_093649
21.67,21.72,1024,70,49.27862116194888,19.88327918965708,6.13,20260622_093649
21.54,21.6,1024,71,49.27862116194888,19.923636563058665,6.13,20260622_093649
23.47,23.73,1024,71,49.27862116194888,19.963993936460252,6.13,20260622_093649
22.53,22.69,1024,71,49.27862116194888,20.004351309861836,6.89,20260622_093649
22.16,22.31,1024,72,49.27862116194888,20.04470868326342,6.89,20260622_093649
23.2,23.48,1024,73,49.27862116194888,20.085066056665003,6.89,20260622_093649
23.25,23.54,1024,73,49.27862116194888,20.125423430066586,6.89,20260622_093649
22.3,22.39,1024,69,49.294088370049565,19.76220706945233,7.3,20260622_093649
20.82,20.76,1024,69,49.294088370049565,19.802564442853914,6.13,20260622_093649
21.39,21.41,1024,70,49.294088370049565,19.842921816255497,6.13,20260622_093649
21.67,21.72,1024,70,49.294088370049565,19.88327918965708,6.13,20260622_093649
21.54,21.6,1024,71,49.294088370049565,19.923636563058665,6.13,20260622_093649
22.07,22.19,1024,71,49.294088370049565,19.963993936460252,6.13,20260622_093649
23.64,23.91,1024,71,49.294088370049565,20.004351309861836,6.89,20260622_093649
23.42,23.7,1024,72,49.294088370049565,20.04470868326342,6.89,20260622_093649
23.57,23.89,1024,73,49.294088370049565,20.085066056665003,6.89,20260622_093649
23.68,24.01,1024,73,49.294088370049565,20.125423430066586,6.89,20260622_093649
22.21,22.31,1024,70,49.309555578150245,19.76220706945233,7.3,20260622_093649
21.5,21.53,1024,70,49.309555578150245,19.802564442853914,6.13,20260622_093649
22.22,22.33,1024,70,49.309555578150245,19.842921816255497,6.13,20260622_093649
21.02,21.01,1024,70,49.309555578150245,19.88327918965708,6.13,20260622_093649
20.89,20.89,1024,71,49.309555578150245,19.923636563058665,6.13,20260622_093649
20.98,21.01,1024,72,49.309555578150245,19.963993936460252,6.13,20260622_093649
22.36,22.53,1024,72,49.309555578150245,20.004351309861836,6.89,20260622_093649
23.86,24.18,1024,72,49.309555578150245,20.04470868326342,6.89,20260622_093649
22.85,23.1,1024,73,49.309555578150245,20.085066056665003,6.89,20260622_093649
23.05,23.34,1024,74,49.309555578150245,20.125423430066586,6.89,20260622_093649
21.99,21.29,1021,40,49.17035070524409,19.76220706945233,13.64,20260629_084733
24.45,24.0,1021,40,49.17035070524409,19.802564442853914,14.85,20260629_084733
22.77,22.15,1021,40,49.17035070524409,19.842921816255497,14.85,20260629_084733
23.05,22.45,1021,40,49.17035070524409,19.88327918965708,14.85,20260629_084733
29.14,28.75,1021,40,49.17035070524409,19.923636563058665,14.85,20260629_084733
26.58,26.58,1021,40,49.17035070524409,19.963993936460252,14.85,20260629_084733
24.96,24.58,1021,41,49.17035070524409,20.004351309861836,14.12,20260629_084733
22.76,22.5,1021,54,49.17035070524409,20.04470868326342,14.12,20260629_084733
22.51,22.23,1021,54,49.17035070524409,20.085066056665003,14.12,20260629_084733
23.39,23.19,1021,54,49.17035070524409,20.125423430066586,14.12,20260629_084733
22.21,21.53,1021,40,49.18581791334477,19.76220706945233,13.64,20260629_084733
22.72,22.09,1021,40,49.18581791334477,19.802564442853914,14.85,20260629_084733
23.26,22.69,1021,40,49.18581791334477,19.842921816255497,14.85,20260629_084733
22.0,21.3,1021,40,49.18581791334477,19.88327918965708,14.85,20260629_084733
26.72,26.66,1021,40,49.18581791334477,19.923636563058665,14.85,20260629_084733
24.93,24.52,1021,40,49.18581791334477,19.963993936460252,14.85,20260629_084733
27.51,27.25,1021,40,49.18581791334477,20.004351309861836,14.12,20260629_084733
24.47,24.38,1021,54,49.18581791334477,20.04470868326342,14.12,20260629_084733
24.67,24.6,1021,54,49.18581791334477,20.085066056665003,14.12,20260629_084733
26.24,26.24,1021,54,49.18581791334477,20.125423430066586,14.12,20260629_084733
23.3,22.73,1021,40,49.20128512144546,19.76220706945233,12.18,20260629_084733
25.58,25.24,1021,40,49.20128512144546,19.802564442853914,13.41,20260629_084733
23.53,22.98,1021,40,49.20128512144546,19.842921816255497,13.41,20260629_084733
25.12,24.73,1021,40,49.20128512144546,19.88327918965708,13.41,20260629_084733
29.42,29.04,1021,40,49.20128512144546,19.923636563058665,13.41,20260629_084733
25.44,25.08,1021,40,49.20128512144546,19.963993936460252,13.41,20260629_084733
24.65,24.22,1021,40,49.20128512144546,20.004351309861836,13.06,20260629_084733
23.08,22.51,1021,41,49.20128512144546,20.04470868326342,13.06,20260629_084733
25.05,25.02,1021,54,49.20128512144546,20.085066056665003,13.06,20260629_084733
26.17,26.17,1021,54,49.20128512144546,20.125423430066586,13.06,20260629_084733
23.3,22.73,1021,40,49.21675232954614,19.76220706945233,12.18,20260629_084733
25.58,25.24,1021,40,49.21675232954614,19.802564442853914,13.41,20260629_084733
23.53,22.98,1021,40,49.21675232954614,19.842921816255497,13.41,20260629_084733
25.12,24.73,1021,40,49.21675232954614,19.88327918965708,13.41,20260629_084733
26.53,26.53,1021,40,49.21675232954614,19.923636563058665,13.41,20260629_084733
26.76,26.69,1021,40,49.21675232954614,19.963993936460252,13.41,20260629_084733
24.35,23.88,1021,40,49.21675232954614,20.004351309861836,13.06,20260629_084733
26.95,26.88,1021,41,49.21675232954614,20.04470868326342,13.06,20260629_084733
28.3,29.21,1021,54,49.21675232954614,20.085066056665003,13.06,20260629_084733
24.63,24.56,1021,54,49.21675232954614,20.125423430066586,13.06,20260629_084733
24.69,24.26,1021,40,49.23221953764683,19.76220706945233,12.18,20260629_084733
25.69,25.36,1021,40,49.23221953764683,19.802564442853914,13.41,20260629_084733
23.58,23.04,1021,40,49.23221953764683,19.842921816255497,13.41,20260629_084733
27.27,27.07,1021,40,49.23221953764683,19.88327918965708,13.41,20260629_084733
24.86,24.45,1021,40,49.23221953764683,19.923636563058665,13.41,20260629_084733
25.72,25.39,1021,40,49.23221953764683,19.963993936460252,13.41,20260629_084733
26.08,26.08,1021,40,49.23221953764683,20.004351309861836,13.06,20260629_084733
23.37,22.83,1021,41,49.23221953764683,20.04470868326342,13.06,20260629_084733
28.82,29.91,1021,54,49.23221953764683,20.085066056665003,13.06,20260629_084733
26.82,27.48,1021,54,49.23221953764683,20.125423430066586,13.06,20260629_084733
24.69,24.26,1021,40,49.24768674574751,19.76220706945233,12.18,20260629_084733
25.69,25.36,1021,40,49.24768674574751,19.802564442853914,13.41,20260629_084733
23.58,23.04,1021,40,49.24768674574751,19.842921816255497,13.41,20260629_084733
27.27,27.07,1021,40,49.24768674574751,19.88327918965708,13.41,20260629_084733
23.56,23.02,1021,40,49.24768674574751,19.923636563058665,13.41,20260629_084733
27.56,27.29,1021,40,49.24768674574751,19.963993936460252,13.41,20260629_084733
26.6,26.6,1021,40,49.24768674574751,20.004351309861836,13.06,20260629_084733
25.59,25.28,1021,41,49.24768674574751,20.04470868326342,13.06,20260629_084733
28.12,27.77,1021,40,49.24768674574751,20.085066056665003,13.06,20260629_084733
28.84,29.94,1021,54,49.24768674574751,20.125423430066586,13.06,20260629_084733
27.48,27.23,1021,40,49.263153953848196,19.76220706945233,12.18,20260629_084733
25.56,25.22,1021,40,49.263153953848196,19.802564442853914,13.41,20260629_084733
27.0,26.86,1021,40,49.263153953848196,19.842921816255497,13.41,20260629_084733
27.79,27.48,1021,40,49.263153953848196,19.88327918965708,13.41,20260629_084733
26.25,26.25,1021,40,49.263153953848196,19.923636563058665,13.41,20260629_084733
28.39,28.01,1021,40,49.263153953848196,19.963993936460252,13.41,20260629_084733
29.03,28.73,1021,41,49.263153953848196,20.004351309861836,13.06,20260629_084733
28.2,27.91,1021,41,49.263153953848196,20.04470868326342,13.06,20260629_084733
28.61,28.22,1021,40,49.263153953848196,20.085066056665003,13.06,20260629_084733
29.75,29.41,1021,40,49.263153953848196,20.125423430066586,13.06,20260629_084733
28.87,28.48,1021,40,49.27862116194888,19.76220706945233,12.18,20260629_084733
27.44,27.2,1021,40,49.27862116194888,19.802564442853914,13.41,20260629_084733
28.05,27.71,1021,40,49.27862116194888,19.842921816255497,13.41,20260629_084733
28.37,28.0,1021,40,49.27862116194888,19.88327918965708,13.41,20260629_084733
28.29,27.92,1021,40,49.27862116194888,19.923636563058665,13.41,20260629_084733
30.69,30.66,1021,41,49.27862116194888,19.963993936460252,13.41,20260629_084733
29.75,29.52,1021,41,49.27862116194888,20.004351309861836,13.06,20260629_084733
29.38,29.1,1021,41,49.27862116194888,20.04470868326342,13.06,20260629_084733
30.42,30.19,1021,40,49.27862116194888,20.085066056665003,13.06,20260629_084733
30.47,30.25,1021,40,49.27862116194888,20.125423430066586,13.06,20260629_084733
28.87,28.48,1021,40,49.294088370049565,19.76220706945233,12.18,20260629_084733
27.44,27.2,1021,40,49.294088370049565,19.802564442853914,13.41,20260629_084733
28.05,27.71,1021,40,49.294088370049565,19.842921816255497,13.41,20260629_084733
28.37,28.0,1021,40,49.294088370049565,19.88327918965708,13.41,20260629_084733
28.29,27.92,1021,40,49.294088370049565,19.923636563058665,13.41,20260629_084733
28.87,28.56,1021,41,49.294088370049565,19.963993936460252,13.41,20260629_084733
30.86,30.88,1021,41,49.294088370049565,20.004351309861836,13.06,20260629_084733
30.64,30.59,1021,41,49.294088370049565,20.04470868326342,13.06,20260629_084733
30.79,30.64,1021,40,49.294088370049565,20.085066056665003,13.06,20260629_084733
30.9,30.78,1021,40,49.294088370049565,20.125423430066586,13.06,20260629_084733
28.79,28.4,1021,40,49.309555578150245,19.76220706945233,12.18,20260629_084733
28.12,27.77,1021,40,49.309555578150245,19.802564442853914,13.41,20260629_084733
28.87,28.48,1021,40,49.309555578150245,19.842921816255497,13.41,20260629_084733
27.72,27.43,1021,40,49.309555578150245,19.88327918965708,13.41,20260629_084733
27.65,27.43,1021,41,49.309555578150245,19.923636563058665,13.41,20260629_084733
27.78,27.54,1021,41,49.309555578150245,19.963993936460252,13.41,20260629_084733
29.21,28.92,1021,41,49.309555578150245,20.004351309861836,13.06,20260629_084733
31.08,31.17,1021,41,49.309555578150245,20.04470868326342,13.06,20260629_084733
30.07,29.77,1021,40,49.309555578150245,20.085066056665003,13.06,20260629_084733
30.27,30.01,1021,40,49.309555578150245,20.125423430066586,13.06,20260629_084733
9.2,8.19,1017,78,49.17035070524409,19.76220706945233,0.8,20260706_080807
11.68,10.91,1017,77,49.17035070524409,19.802564442853914,0.72,20260706_080807
10.03,9.07,1017,76,49.17035070524409,19.842921816255497,0.72,20260706_080807
10.32,9.37,1017,75,49.17035070524409,19.88327918965708,0.72,20260706_080807
13.03,12.32,1017,74,49.17035070524409,19.923636563058665,0.72,20260706_080807
10.47,9.48,1017,73,49.17035070524409,19.963993936460252,0.72,20260706_080807
8.85,7.55,1017,72,49.17035070524409,20.004351309861836,0.77,20260706_080807
6.65,4.98,1017,75,49.17035070524409,20.04470868326342,0.77,20260706_080807
6.4,4.74,1017,75,49.17035070524409,20.085066056665003,0.77,20260706_080807
7.28,5.82,1017,75,49.17035070524409,20.125423430066586,0.77,20260706_080807
9.35,8.36,1017,79,49.18581791334477,19.76220706945233,0.8,20260706_080807
9.88,8.91,1017,78,49.18581791334477,19.802564442853914,0.72,20260706_080807
10.45,9.56,1017,77,49.18581791334477,19.842921816255497,0.72,20260706_080807
9.21,8.01,1017,76,49.18581791334477,19.88327918965708,0.72,20260706_080807
10.61,9.68,1017,75,49.18581791334477,19.923636563058665,0.72,20260706_080807
8.82,7.48,1017,74,49.18581791334477,19.963993936460252,0.72,20260706_080807
11.4,10.5,1017,73,49.18581791334477,20.004351309861836,0.77,20260706_080807
8.36,6.96,1017,75,49.18581791334477,20.04470868326342,0.77,20260706_080807
8.56,7.24,1017,75,49.18581791334477,20.085066056665003,0.77,20260706_080807
10.13,9.16,1017,75,49.18581791334477,20.125423430066586,0.77,20260706_080807
10.38,9.56,1017,80,49.20128512144546,19.76220706945233,0.83,20260706_080807
12.68,12.07,1017,79,49.20128512144546,19.802564442853914,0.71,20260706_080807
10.66,9.82,1017,78,49.20128512144546,19.842921816255497,0.71,20260706_080807
12.27,11.56,1017,77,49.20128512144546,19.88327918965708,0.71,20260706_080807
13.31,12.68,1017,76,49.20128512144546,19.923636563058665,0.71,20260706_080807
9.33,8.08,1017,75,49.20128512144546,19.963993936460252,0.71,20260706_080807
8.54,7.14,1017,74,49.20128512144546,20.004351309861836,0.78,20260706_080807
6.97,5.3,1017,73,49.20128512144546,20.04470868326342,0.78,20260706_080807
8.94,7.65,1017,75,49.20128512144546,20.085066056665003,0.78,20260706_080807
10.06,9.08,1017,75,49.20128512144546,20.125423430066586,0.78,20260706_080807
10.38,9.56,1017,80,49.21675232954614,19.76220706945233,0.83,20260706_080807
12.68,12.07,1017,79,49.21675232954614,19.802564442853914,0.71,20260706_080807
10.66,9.82,1017,78,49.21675232954614,19.842921816255497,0.71,20260706_080807
12.27,11.56,1017,77,49.21675232954614,19.88327918965708,0.71,20260706_080807
10.42,9.5,1017,76,49.21675232954614,19.923636563058665,0.71,20260706_080807
10.65,9.73,1017,75,49.21675232954614,19.963993936460252,0.71,20260706_080807
8.24,6.78,1017,74,49.21675232954614,20.004351309861836,0.78,20260706_080807
10.84,9.89,1017,73,49.21675232954614,20.04470868326342,0.78,20260706_080807
12.19,11.42,1017,75,49.21675232954614,20.085066056665003,0.78,20260706_080807
8.52,7.17,1017,75,49.21675232954614,20.125423430066586,0.78,20260706_080807
11.7,11.04,1017,81,49.23221953764683,19.76220706945233,0.83,20260706_080807
12.72,12.14,1017,80,49.23221953764683,19.802564442853914,0.71,20260706_080807
10.64,9.82,1017,79,49.23221953764683,19.842921816255497,0.71,20260706_080807
14.36,13.89,1017,78,49.23221953764683,19.88327918965708,0.71,20260706_080807
8.75,7.41,1017,77,49.23221953764683,19.923636563058665,0.71,20260706_080807
9.61,8.4,1017,76,49.23221953764683,19.963993936460252,0.71,20260706_080807
9.97,8.82,1017,74,49.23221953764683,20.004351309861836,0.78,20260706_080807
7.26,5.62,1017,73,49.23221953764683,20.04470868326342,0.78,20260706_080807
12.71,11.99,1017,75,49.23221953764683,20.085066056665003,0.78,20260706_080807
10.71,9.79,1017,75,49.23221953764683,20.125423430066586,0.78,20260706_080807
11.7,11.04,1017,81,49.24768674574751,19.76220706945233,0.83,20260706_080807
12.72,12.14,1017,80,49.24768674574751,19.802564442853914,0.71,20260706_080807
10.64,9.82,1017,79,49.24768674574751,19.842921816255497,0.71,20260706_080807
14.36,13.89,1017,78,49.24768674574751,19.88327918965708,0.71,20260706_080807
10.68,9.81,1017,77,49.24768674574751,19.923636563058665,0.71,20260706_080807
11.45,10.64,1017,76,49.24768674574751,19.963993936460252,0.71,20260706_080807
10.49,9.53,1017,74,49.24768674574751,20.004351309861836,0.78,20260706_080807
9.48,8.24,1017,73,49.24768674574751,20.04470868326342,0.78,20260706_080807
12.01,11.15,1017,72,49.24768674574751,20.085066056665003,0.78,20260706_080807
12.73,12.02,1017,75,49.24768674574751,20.125423430066586,0.78,20260706_080807
14.42,14.06,1017,82,49.263153953848196,19.76220706945233,0.83,20260706_080807
12.54,11.96,1017,81,49.263153953848196,19.802564442853914,0.71,20260706_080807
13.99,13.53,1017,80,49.263153953848196,19.842921816255497,0.71,20260706_080807
14.81,14.41,1017,79,49.263153953848196,19.88327918965708,0.71,20260706_080807
13.31,12.73,1017,78,49.263153953848196,19.923636563058665,0.71,20260706_080807
12.28,11.57,1017,77,49.263153953848196,19.963993936460252,0.71,20260706_080807
12.92,12.23,1017,75,49.263153953848196,20.004351309861836,0.78,20260706_080807
12.09,11.29,1017,74,49.263153953848196,20.04470868326342,0.78,20260706_080807
12.5,11.71,1017,73,49.263153953848196,20.085066056665003,0.78,20260706_080807
13.64,12.94,1017,72,49.263153953848196,20.125423430066586,0.78,20260706_080807
15.75,15.55,1017,83,49.27862116194888,19.76220706945233,0.83,20260706_080807
14.35,13.98,1017,82,49.27862116194888,19.802564442853914,0.71,20260706_080807
14.98,14.65,1017,81,49.27862116194888,19.842921816255497,0.71,20260706_080807
15.33,15.01,1017,80,49.27862116194888,19.88327918965708,0.71,20260706_080807
15.29,14.94,1017,79,49.27862116194888,19.923636563058665,0.71,20260706_080807
14.58,14.13,1017,78,49.27862116194888,19.963993936460252,0.71,20260706_080807
13.64,13.04,1017,76,49.27862116194888,20.004351309861836,0.78,20260706_080807
13.27,12.61,1017,75,49.27862116194888,20.04470868326342,0.78,20260706_080807
14.31,13.73,1017,74,49.27862116194888,20.085066056665003,0.78,20260706_080807
14.36,13.76,1017,73,49.27862116194888,20.125423430066586,0.78,20260706_080807
15.75,15.55,1017,83,49.294088370049565,19.76220706945233,0.83,20260706_080807
14.35,13.98,1017,82,49.294088370049565,19.802564442853914,0.71,20260706_080807
14.98,14.65,1017,81,49.294088370049565,19.842921816255497,0.71,20260706_080807
15.33,15.01,1017,80,49.294088370049565,19.88327918965708,0.71,20260706_080807
15.29,14.94,1017,79,49.294088370049565,19.923636563058665,0.71,20260706_080807
15.89,15.57,1017,78,49.294088370049565,19.963993936460252,0.71,20260706_080807
14.75,14.26,1017,76,49.294088370049565,20.004351309861836,0.78,20260706_080807
14.53,14.0,1017,75,49.294088370049565,20.04470868326342,0.78,20260706_080807
14.68,14.14,1017,74,49.294088370049565,20.085066056665003,0.78,20260706_080807
14.79,14.23,1017,73,49.294088370049565,20.125423430066586,0.78,20260706_080807
15.62,15.43,1017,84,49.309555578150245,19.76220706945233,0.83,20260706_080807
14.97,14.69,1017,83,49.309555578150245,19.802564442853914,0.71,20260706_080807
15.75,15.52,1017,82,49.309555578150245,19.842921816255497,0.71,20260706_080807
14.62,14.25,1017,81,49.309555578150245,19.88327918965708,0.71,20260706_080807
14.59,14.19,1017,80,49.309555578150245,19.923636563058665,0.71,20260706_080807
14.75,14.34,1017,79,49.309555578150245,19.963993936460252,0.71,20260706_080807
16.2,15.89,1017,77,49.309555578150245,20.004351309861836,0.78,20260706_080807
14.97,14.51,1017,76,49.309555578150245,20.04470868326342,0.78,20260706_080807
13.96,13.37,1017,75,49.309555578150245,20.085066056665003,0.78,20260706_080807
14.16,13.56,1017,74,49.309555578150245,20.125423430066586,0.78,20260706_080807
8.03,6.67,1019,85,49.17035070524409,19.76220706945233,3.69,20260713_064309
10.5,9.8,1019,84,49.17035070524409,19.802564442853914,3.7,20260713_064309
8.83,7.7,1019,84,49.17035070524409,19.842921816255497,3.7,20260713_064309
9.11,8.09,1019,83,49.17035070524409,19.88327918965708,3.7,20260713_064309
11.92,11.33,1019,83,49.17035070524409,19.923636563058665,3.7,20260713_064309
9.36,8.51,1019,82,49.17035070524409,19.963993936460252,3.7,20260713_064309
7.74,6.64,1019,82,49.17035070524409,20.004351309861836,3.46,20260713_064309
5.54,4.09,1019,93,49.17035070524409,20.04470868326342,3.46,20260713_064309
5.29,3.72,1019,93,49.17035070524409,20.085066056665003,3.46,20260713_064309
6.17,4.66,1019,93,49.17035070524409,20.125423430066586,3.46,20260713_064309
8.21,6.75,1020,85,49.18581791334477,19.76220706945233,3.69,20260713_064309
8.72,7.39,1020,85,49.18581791334477,19.802564442853914,3.7,20260713_064309
9.27,8.09,1020,85,49.18581791334477,19.842921816255497,3.7,20260713_064309
8.02,6.67,1019,84,49.18581791334477,19.88327918965708,3.7,20260713_064309
9.5,8.5,1019,84,49.18581791334477,19.923636563058665,3.7,20260713_064309
7.71,6.44,1019,83,49.18581791334477,19.963993936460252,3.7,20260713_064309
10.29,9.54,1019,83,49.18581791334477,20.004351309861836,3.46,20260713_064309
7.25,5.92,1019,93,49.18581791334477,20.04470868326342,3.46,20260713_064309
7.45,6.09,1019,93,49.18581791334477,20.085066056665003,3.46,20260713_064309
9.02,7.86,1019,93,49.18581791334477,20.125423430066586,3.46,20260713_064309
9.26,7.89,1020,86,49.20128512144546,19.76220706945233,3.57,20260713_064309
11.55,11.01,1020,86,49.20128512144546,19.802564442853914,3.22,20260713_064309
9.51,8.26,1020,86,49.20128512144546,19.842921816255497,3.22,20260713_064309
11.1,10.49,1020,85,49.20128512144546,19.88327918965708,3.22,20260713_064309
12.2,11.7,1020,85,49.20128512144546,19.923636563058665,3.22,20260713_064309
8.22,6.92,1020,84,49.20128512144546,19.963993936460252,3.22,20260713_064309
7.43,6.02,1019,84,49.20128512144546,20.004351309861836,3.14,20260713_064309
5.86,4.17,1019,83,49.20128512144546,20.04470868326342,3.14,20260713_064309
7.83,6.42,1019,93,49.20128512144546,20.085066056665003,3.14,20260713_064309
8.95,7.67,1019,93,49.20128512144546,20.125423430066586,3.14,20260713_064309
9.26,7.89,1020,86,49.21675232954614,19.76220706945233,3.57,20260713_064309
11.55,11.01,1020,86,49.21675232954614,19.802564442853914,3.22,20260713_064309
9.51,8.26,1020,86,49.21675232954614,19.842921816255497,3.22,20260713_064309
11.1,10.49,1020,85,49.21675232954614,19.88327918965708,3.22,20260713_064309
9.31,8.17,1020,85,49.21675232954614,19.923636563058665,3.22,20260713_064309
9.54,8.47,1020,84,49.21675232954614,19.963993936460252,3.22,20260713_064309
7.13,5.67,1019,84,49.21675232954614,20.004351309861836,3.14,20260713_064309
9.73,8.71,1019,83,49.21675232954614,20.04470868326342,3.14,20260713_064309
11.08,10.67,1019,93,49.21675232954614,20.085066056665003,3.14,20260713_064309
7.41,5.85,1019,93,49.21675232954614,20.125423430066586,3.14,20260713_064309
10.61,10.0,1020,87,49.23221953764683,19.76220706945233,3.57,20260713_064309
11.62,11.08,1020,86,49.23221953764683,19.802564442853914,3.22,20260713_064309
9.51,8.17,1020,86,49.23221953764683,19.842921816255497,3.22,20260713_064309
13.21,12.83,1020,86,49.23221953764683,19.88327918965708,3.22,20260713_064309
7.64,6.11,1020,86,49.23221953764683,19.923636563058665,3.22,20260713_064309
8.5,7.17,1020,85,49.23221953764683,19.963993936460252,3.22,20260713_064309
8.86,7.61,1020,85,49.23221953764683,20.004351309861836,3.14,20260713_064309
6.15,4.43,1020,84,49.23221953764683,20.04470868326342,3.14,20260713_064309
11.6,11.24,1020,93,49.23221953764683,20.085066056665003,3.14,20260713_064309
9.6,8.36,1020,93,49.23221953764683,20.125423430066586,3.14,20260713_064309
10.61,10.0,1020,87,49.24768674574751,19.76220706945233,3.57,20260713_064309
11.62,11.08,1020,86,49.24768674574751,19.802564442853914,3.22,20260713_064309
9.51,8.17,1020,86,49.24768674574751,19.842921816255497,3.22,20260713_064309
13.21,12.83,1020,86,49.24768674574751,19.88327918965708,3.22,20260713_064309
9.51,8.32,1020,86,49.24768674574751,19.923636563058665,3.22,20260713_064309
10.34,9.65,1020,85,49.24768674574751,19.963993936460252,3.22,20260713_064309
9.38,8.23,1020,85,49.24768674574751,20.004351309861836,3.14,20260713_064309
8.37,7.04,1020,84,49.24768674574751,20.04470868326342,3.14,20260713_064309
10.9,10.21,1020,83,49.24768674574751,20.085066056665003,3.14,20260713_064309
11.62,11.27,1020,93,49.24768674574751,20.125423430066586,3.14,20260713_064309
13.36,13.02,1020,87,49.263153953848196,19.76220706945233,3.57,20260713_064309
11.45,10.92,1020,87,49.263153953848196,19.802564442853914,3.22,20260713_064309
12.9,12.52,1020,87,49.263153953848196,19.842921816255497,3.22,20260713_064309
13.69,13.36,1020,86,49.263153953848196,19.88327918965708,3.22,20260713_064309
12.17,11.69,1020,86,49.263153953848196,19.923636563058665,3.22,20260713_064309
11.17,10.59,1020,86,49.263153953848196,19.963993936460252,3.22,20260713_064309
11.81,11.27,1020,85,49.263153953848196,20.004351309861836,3.14,20260713_064309
10.98,10.35,1020,85,49.263153953848196,20.04470868326342,3.14,20260713_064309
11.39,10.78,1020,84,49.263153953848196,20.085066056665003,3.14,20260713_064309
12.53,12.03,1020,84,49.263153953848196,20.125423430066586,3.14,20260713_064309
14.72,14.52,1020,87,49.27862116194888,19.76220706945233,3.57,20260713_064309
13.29,12.95,1020,87,49.27862116194888,19.802564442853914,3.22,20260713_064309
13.91,13.63,1020,87,49.27862116194888,19.842921816255497,3.22,20260713_064309
14.24,13.99,1020,87,49.27862116194888,19.88327918965708,3.22,20260713_064309
14.17,13.91,1020,87,49.27862116194888,19.923636563058665,3.22,20260713_064309
13.47,13.12,1020,86,49.27862116194888,19.963993936460252,3.22,20260713_064309
12.53,12.08,1020,86,49.27862116194888,20.004351309861836,3.14,20260713_064309
12.16,11.65,1020,85,49.27862116194888,20.04470868326342,3.14,20260713_064309
13.2,12.8,1020,85,49.27862116194888,20.085066056665003,3.14,20260713_064309
13.25,12.82,1020,84,49.27862116194888,20.125423430066586,3.14,20260713_064309
14.72,14.52,1020,87,49.294088370049565,19.76220706945233,3.57,20260713_064309
13.29,12.95,1020,87,49.294088370049565,19.802564442853914,3.22,20260713_064309
13.91,13.63,1020,87,49.294088370049565,19.842921816255497,3.22,20260713_064309
14.24,13.99,1020,87,49.294088370049565,19.88327918965708,3.22,20260713_064309
14.17,13.91,1020,87,49.294088370049565,19.923636563058665,3.22,20260713_064309
14.77,14.55,1020,86,49.294088370049565,19.963993936460252,3.22,20260713_064309
13.64,13.31,1020,86,49.294088370049565,20.004351309861836,3.14,20260713_064309
13.42,13.04,1020,85,49.294088370049565,20.04470868326342,3.14,20260713_064309
13.57,13.2,1020,85,49.294088370049565,20.085066056665003,3.14,20260713_064309
13.68,13.3,1020,84,49.294088370049565,20.125423430066586,3.14,20260713_064309
14.61,14.4,1020,87,49.309555578150245,19.76220706945233,3.57,20260713_064309
13.94,13.66,1020,87,49.309555578150245,19.802564442853914,3.22,20260713_064309
14.71,14.51,1020,87,49.309555578150245,19.842921816255497,3.22,20260713_064309
13.56,13.24,1020,87,49.309555578150245,19.88327918965708,3.22,20260713_064309
13.5,13.18,1020,87,49.309555578150245,19.923636563058665,3.22,20260713_064309
13.65,13.32,1020,86,49.309555578150245,19.963993936460252,3.22,20260713_064309
15.09,14.9,1020,86,49.309555578150245,20.004351309861836,3.14,20260713_064309
13.86,13.52,1020,85,49.309555578150245,20.04470868326342,3.14,20260713_064309
12.85,12.41,1020,85,49.309555578150245,20.085066056665003,3.14,20260713_064309
13.05,12.6,1020,84,49.309555578150245,20.125423430066586,3.14,20260713_064309
6.98,5.78,1019,73,49.17035070524409,19.76220706945233,1.55,20260720_063649
9.46,8.63,1019,72,49.17035070524409,19.802564442853914,1.6,20260720_063649
7.8,6.69,1019,71,49.17035070524409,19.842921816255497,1.6,20260720_063649
8.09,7.03,1019,71,49.17035070524409,19.88327918965708,1.6,20260720_063649
12.48,11.59,1019,69,49.17035070524409,19.923636563058665,1.6,20260720_063649
9.92,9.26,1018,69,49.17035070524409,19.963993936460252,1.6,20260720_063649
8.3,7.46,1018,68,49.17035070524409,20.004351309861836,1.93,20260720_063649
6.1,5.01,1018,77,49.17035070524409,20.04470868326342,1.93,20260720_063649
5.85,4.93,1018,77,49.17035070524409,20.085066056665003,1.93,20260720_063649
6.73,6.04,1018,77,49.17035070524409,20.125423430066586,1.93,20260720_063649
7.16,5.97,1019,73,49.18581791334477,19.76220706945233,1.55,20260720_063649
7.7,6.57,1019,72,49.18581791334477,19.802564442853914,1.6,20260720_063649
8.26,7.2,1019,71,49.18581791334477,19.842921816255497,1.6,20260720_063649
7.02,5.76,1019,71,49.18581791334477,19.88327918965708,1.6,20260720_063649
10.06,8.92,1019,69,49.18581791334477,19.923636563058665,1.6,20260720_063649
8.27,7.32,1018,69,49.18581791334477,19.963993936460252,1.6,20260720_063649
10.85,9.77,1018,68,49.18581791334477,20.004351309861836,1.93,20260720_063649
7.81,6.94,1018,77,49.18581791334477,20.04470868326342,1.93,20260720_063649
8.01,7.37,1018,77,49.18581791334477,20.085066056665003,1.93,20260720_063649
9.58,9.26,1018,77,49.18581791334477,20.125423430066586,1.93,20260720_063649
8.22,7.19,1019,73,49.20128512144546,19.76220706945233,1.84,20260720_063649
10.53,9.52,1019,72,49.20128512144546,19.802564442853914,1.86,20260720_063649
8.5,7.47,1019,71,49.20128512144546,19.842921816255497,1.86,20260720_063649
10.11,9.03,1019,71,49.20128512144546,19.88327918965708,1.86,20260720_063649
12.76,11.92,1019,70,49.20128512144546,19.923636563058665,1.86,20260720_063649
8.78,7.9,1018,69,49.20128512144546,19.963993936460252,1.86,20260720_063649
7.99,7.05,1018,69,49.20128512144546,20.004351309861836,2.13,20260720_063649
6.42,5.32,1018,68,49.20128512144546,20.04470868326342,2.13,20260720_063649
8.39,7.78,1018,77,49.20128512144546,20.085066056665003,2.13,20260720_063649
9.51,9.14,1018,77,49.20128512144546,20.125423430066586,2.13,20260720_063649
8.22,7.19,1019,73,49.21675232954614,19.76220706945233,1.84,20260720_063649
10.53,9.52,1019,72,49.21675232954614,19.802564442853914,1.86,20260720_063649
8.5,7.47,1019,71,49.21675232954614,19.842921816255497,1.86,20260720_063649
10.11,9.03,1019,71,49.21675232954614,19.88327918965708,1.86,20260720_063649
9.87,9.12,1019,70,49.21675232954614,19.923636563058665,1.86,20260720_063649
10.1,8.97,1018,69,49.21675232954614,19.963993936460252,1.86,20260720_063649
7.69,6.7,1018,69,49.21675232954614,20.004351309861836,2.13,20260720_063649
10.29,9.15,1018,68,49.21675232954614,20.04470868326342,2.13,20260720_063649
11.64,10.87,1018,77,49.21675232954614,20.085066056665003,2.13,20260720_063649
7.97,7.39,1018,77,49.21675232954614,20.125423430066586,2.13,20260720_063649
9.58,8.78,1019,73,49.23221953764683,19.76220706945233,1.84,20260720_063649
10.6,9.6,1019,72,49.23221953764683,19.802564442853914,1.86,20260720_063649
8.52,7.51,1019,72,49.23221953764683,19.842921816255497,1.86,20260720_063649
12.23,11.36,1019,71,49.23221953764683,19.88327918965708,1.86,20260720_063649
8.2,7.17,1019,70,49.23221953764683,19.923636563058665,1.86,20260720_063649
9.06,8.22,1019,69,49.23221953764683,19.963993936460252,1.86,20260720_063649
9.42,8.69,1018,69,49.23221953764683,20.004351309861836,2.13,20260720_063649
6.71,5.64,1018,68,49.23221953764683,20.04470868326342,2.13,20260720_063649
12.16,11.44,1018,77,49.23221953764683,20.085066056665003,2.13,20260720_063649
10.16,9.24,1018,77,49.23221953764683,20.125423430066586,2.13,20260720_063649
9.58,8.78,1019,73,49.24768674574751,19.76220706945233,1.84,20260720_063649
10.6,9.6,1019,72,49.24768674574751,19.802564442853914,1.86,20260720_063649
8.52,7.51,1019,72,49.24768674574751,19.842921816255497,1.86,20260720_063649
12.23,11.36,1019,71,49.24768674574751,19.88327918965708,1.86,20260720_063649
8.55,7.57,1019,70,49.24768674574751,19.923636563058665,1.86,20260720_063649
10.9,9.85,1019,69,49.24768674574751,19.963993936460252,1.86,20260720_063649
9.94,9.29,1018,69,49.24768674574751,20.004351309861836,2.13,20260720_063649
8.93,8.2,1018,68,49.24768674574751,20.04470868326342,2.13,20260720_063649
11.46,10.44,1018,68,49.24768674574751,20.085066056665003,2.13,20260720_063649
12.18,11.46,1018,77,49.24768674574751,20.125423430066586,2.13,20260720_063649
12.34,11.54,1019,73,49.263153953848196,19.76220706945233,1.84,20260720_063649
10.45,9.46,1019,73,49.263153953848196,19.802564442853914,1.86,20260720_063649
11.9,11.03,1019,72,49.263153953848196,19.842921816255497,1.86,20260720_063649
12.71,11.89,1019,71,49.263153953848196,19.88327918965708,1.86,20260720_063649
11.21,10.21,1019,70,49.263153953848196,19.923636563058665,1.86,20260720_063649
11.73,10.79,1019,70,49.263153953848196,19.963993936460252,1.86,20260720_063649
12.37,11.46,1018,69,49.263153953848196,20.004351309861836,2.13,20260720_063649
11.54,10.55,1018,69,49.263153953848196,20.04470868326342,2.13,20260720_063649
11.95,11.0,1018,69,49.263153953848196,20.085066056665003,2.13,20260720_063649
13.09,12.23,1018,68,49.263153953848196,20.125423430066586,2.13,20260720_063649
13.7,13.03,1019,73,49.27862116194888,19.76220706945233,1.84,20260720_063649
12.29,11.48,1019,73,49.27862116194888,19.802564442853914,1.86,20260720_063649
12.92,12.15,1019,72,49.27862116194888,19.842921816255497,1.86,20260720_063649
13.27,12.53,1019,72,49.27862116194888,19.88327918965708,1.86,20260720_063649
13.22,12.45,1019,71,49.27862116194888,19.923636563058665,1.86,20260720_063649
14.03,13.32,1019,70,49.27862116194888,19.963993936460252,1.86,20260720_063649
13.09,12.28,1018,70,49.27862116194888,20.004351309861836,2.13,20260720_063649
12.72,11.88,1018,70,49.27862116194888,20.04470868326342,2.13,20260720_063649
13.76,12.99,1018,69,49.27862116194888,20.085066056665003,2.13,20260720_063649
13.81,13.05,1018,69,49.27862116194888,20.125423430066586,2.13,20260720_063649
13.7,13.03,1019,73,49.294088370049565,19.76220706945233,1.84,20260720_063649
12.29,11.48,1019,73,49.294088370049565,19.802564442853914,1.86,20260720_063649
12.92,12.15,1019,72,49.294088370049565,19.842921816255497,1.86,20260720_063649
13.27,12.53,1019,72,49.294088370049565,19.88327918965708,1.86,20260720_063649
13.22,12.45,1019,71,49.294088370049565,19.923636563058665,1.86,20260720_063649
13.83,13.1,1019,70,49.294088370049565,19.963993936460252,1.86,20260720_063649
14.2,13.5,1018,70,49.294088370049565,20.004351309861836,2.13,20260720_063649
13.98,13.26,1018,70,49.294088370049565,20.04470868326342,2.13,20260720_063649
14.13,13.4,1018,69,49.294088370049565,20.085066056665003,2.13,20260720_063649
14.24,13.52,1018,69,49.294088370049565,20.125423430066586,2.13,20260720_063649
13.59,12.94,1019,74,49.309555578150245,19.76220706945233,1.84,20260720_063649
12.94,12.2,1019,73,49.309555578150245,19.802564442853914,1.86,20260720_063649
13.72,13.05,1019,73,49.309555578150245,19.842921816255497,1.86,20260720_063649
12.59,11.78,1019,72,49.309555578150245,19.88327918965708,1.86,20260720_063649
12.55,11.74,1019,72,49.309555578150245,19.923636563058665,1.86,20260720_063649
12.71,11.89,1019,71,49.309555578150245,19.963993936460252,1.86,20260720_063649
14.16,13.49,1019,71,49.309555578150245,20.004351309861836,2.13,20260720_063649
14.42,13.75,1018,70,49.309555578150245,20.04470868326342,2.13,20260720_063649
13.41,12.63,1018,70,49.309555578150245,20.085066056665003,2.13,20260720_063649
13.61,12.85,1018,70,49.309555578150245,20.125423430066586,2.13,20260720_063649
10.99,9.92,1009,68,49.17035070524409,19.76220706945233,3.67,20260727_065305
13.45,12.63,1009,68,49.17035070524409,19.802564442853914,3.32,20260727_065305
11.78,10.79,1009,68,49.17035070524409,19.842921816255497,3.32,20260727_065305
12.05,11.09,1009,68,49.17035070524409,19.88327918965708,3.32,20260727_065305
15.25,14.63,1009,69,49.17035070524409,19.923636563058665,3.32,20260727_065305
12.69,11.82,1009,69,49.17035070524409,19.963993936460252,3.32,20260727_065305
11.07,10.03,1009,69,49.17035070524409,20.004351309861836,3.25,20260727_065305
8.87,7.76,1009,77,49.17035070524409,20.04470868326342,3.25,20260727_065305
8.62,7.44,1009,77,49.17035070524409,20.085066056665003,3.25,20260727_065305
9.5,8.46,1009,77,49.17035070524409,20.125423430066586,3.25,20260727_065305
11.18,10.13,1009,68,49.18581791334477,19.76220706945233,3.67,20260727_065305
11.7,10.7,1009,68,49.18581791334477,19.802564442853914,3.32,20260727_065305
12.26,11.32,1009,68,49.18581791334477,19.842921816255497,3.32,20260727_065305
11.0,9.91,1009,67,49.18581791334477,19.88327918965708,3.32,20260727_065305
12.83,11.94,1009,68,49.18581791334477,19.923636563058665,3.32,20260727_065305
11.04,9.98,1009,68,49.18581791334477,19.963993936460252,3.32,20260727_065305
13.62,12.81,1009,68,49.18581791334477,20.004351309861836,3.25,20260727_065305
10.58,9.7,1009,77,49.18581791334477,20.04470868326342,3.25,20260727_065305
10.78,9.92,1009,77,49.18581791334477,20.085066056665003,3.25,20260727_065305
12.35,11.65,1009,77,49.18581791334477,20.125423430066586,3.25,20260727_065305
12.25,11.31,1009,68,49.20128512144546,19.76220706945233,3.72,20260727_065305
14.55,13.81,1009,67,49.20128512144546,19.802564442853914,3.46,20260727_065305
12.52,11.58,1009,67,49.20128512144546,19.842921816255497,3.46,20260727_065305
14.12,13.34,1009,67,49.20128512144546,19.88327918965708,3.46,20260727_065305
15.53,14.89,1009,67,49.20128512144546,19.923636563058665,3.46,20260727_065305
11.55,10.51,1009,67,49.20128512144546,19.963993936460252,3.46,20260727_065305
10.76,9.64,1009,67,49.20128512144546,20.004351309861836,3.33,20260727_065305
9.19,7.99,1009,68,49.20128512144546,20.04470868326342,3.33,20260727_065305
11.16,10.34,1009,77,49.20128512144546,20.085066056665003,3.33,20260727_065305
12.28,11.57,1009,77,49.20128512144546,20.125423430066586,3.33,20260727_065305
12.25,11.31,1009,68,49.21675232954614,19.76220706945233,3.72,20260727_065305
14.55,13.81,1009,67,49.21675232954614,19.802564442853914,3.46,20260727_065305
12.52,11.58,1009,67,49.21675232954614,19.842921816255497,3.46,20260727_065305
14.12,13.34,1009,67,49.21675232954614,19.88327918965708,3.46,20260727_065305
12.64,11.71,1009,67,49.21675232954614,19.923636563058665,3.46,20260727_065305
12.87,11.96,1009,67,49.21675232954614,19.963993936460252,3.46,20260727_065305
10.46,9.31,1009,67,49.21675232954614,20.004351309861836,3.33,20260727_065305
13.06,12.2,1009,68,49.21675232954614,20.04470868326342,3.33,20260727_065305
14.41,13.92,1009,77,49.21675232954614,20.085066056665003,3.33,20260727_065305
10.74,9.88,1009,77,49.21675232954614,20.125423430066586,3.33,20260727_065305
13.62,12.81,1009,68,49.23221953764683,19.76220706945233,3.72,20260727_065305
14.63,13.9,1009,67,49.23221953764683,19.802564442853914,3.46,20260727_065305
12.55,11.61,1009,67,49.23221953764683,19.842921816255497,3.46,20260727_065305
16.26,15.66,1009,66,49.23221953764683,19.88327918965708,3.46,20260727_065305
10.97,9.85,1009,66,49.23221953764683,19.923636563058665,3.46,20260727_065305
11.83,10.79,1009,66,49.23221953764683,19.963993936460252,3.46,20260727_065305
12.19,11.21,1009,67,49.23221953764683,20.004351309861836,3.33,20260727_065305
9.48,8.26,1009,67,49.23221953764683,20.04470868326342,3.33,20260727_065305
14.93,14.49,1009,77,49.23221953764683,20.085066056665003,3.33,20260727_065305
12.93,12.29,1009,77,49.23221953764683,20.125423430066586,3.33,20260727_065305
13.62,12.81,1009,68,49.24768674574751,19.76220706945233,3.72,20260727_065305
14.63,13.9,1009,67,49.24768674574751,19.802564442853914,3.46,20260727_065305
12.55,11.61,1009,67,49.24768674574751,19.842921816255497,3.46,20260727_065305
16.26,15.66,1009,66,49.24768674574751,19.88327918965708,3.46,20260727_065305
12.55,11.58,1009,66,49.24768674574751,19.923636563058665,3.46,20260727_065305
13.67,12.82,1009,66,49.24768674574751,19.963993936460252,3.46,20260727_065305
12.71,11.79,1009,67,49.24768674574751,20.004351309861836,3.33,20260727_065305
11.7,10.68,1009,67,49.24768674574751,20.04470868326342,3.33,20260727_065305
14.23,13.51,1009,69,49.24768674574751,20.085066056665003,3.33,20260727_065305
14.95,14.51,1009,77,49.24768674574751,20.125423430066586,3.33,20260727_065305
16.39,15.86,1009,68,49.263153953848196,19.76220706945233,3.72,20260727_065305
14.5,13.76,1009,67,49.263153953848196,19.802564442853914,3.46,20260727_065305
15.95,15.35,1009,67,49.263153953848196,19.842921816255497,3.46,20260727_065305
16.76,16.21,1009,66,49.263153953848196,19.88327918965708,3.46,20260727_065305
15.24,14.54,1009,66,49.263153953848196,19.923636563058665,3.46,20260727_065305
14.5,13.73,1009,66,49.263153953848196,19.963993936460252,3.46,20260727_065305
15.14,14.43,1009,66,49.263153953848196,20.004351309861836,3.33,20260727_065305
14.31,13.52,1009,66,49.263153953848196,20.04470868326342,3.33,20260727_065305
14.72,14.02,1009,68,49.263153953848196,20.085066056665003,3.33,20260727_065305
15.86,15.3,1009,69,49.263153953848196,20.125423430066586,3.33,20260727_065305
17.75,17.36,1009,68,49.27862116194888,19.76220706945233,3.72,20260727_065305
16.35,15.79,1009,67,49.27862116194888,19.802564442853914,3.46,20260727_065305
16.98,16.48,1009,67,49.27862116194888,19.842921816255497,3.46,20260727_065305
17.22,16.75,1009,67,49.27862116194888,19.88327918965708,3.46,20260727_065305
17.27,16.78,1009,66,49.27862116194888,19.923636563058665,3.46,20260727_065305
16.8,16.26,1009,66,49.27862116194888,19.963993936460252,3.46,20260727_065305
15.86,15.22,1009,66,49.27862116194888,20.004351309861836,3.33,20260727_065305
15.49,14.82,1009,66,49.27862116194888,20.04470868326342,3.33,20260727_065305
16.53,15.99,1009,67,49.27862116194888,20.085066056665003,3.33,20260727_065305
16.58,16.07,1009,68,49.27862116194888,20.125423430066586,3.33,20260727_065305
17.75,17.36,1009,68,49.294088370049565,19.76220706945233,3.72,20260727_065305
16.35,15.79,1009,67,49.294088370049565,19.802564442853914,3.46,20260727_065305
16.98,16.48,1009,67,49.294088370049565,19.842921816255497,3.46,20260727_065305
17.33,16.84,1009,66,49.294088370049565,19.88327918965708,3.46,20260727_065305
17.27,16.78,1009,66,49.294088370049565,19.923636563058665,3.46,20260727_065305
17.86,17.42,1009,66,49.294088370049565,19.963993936460252,3.46,20260727_065305
16.97,16.45,1009,66,49.294088370049565,20.004351309861836,3.33,20260727_065305
16.75,16.2,1009,66,49.294088370049565,20.04470868326342,3.33,20260727_065305
16.9,16.4,1009,67,49.294088370049565,20.085066056665003,3.33,20260727_065305
17.01,16.54,1009,68,49.294088370049565,20.125423430066586,3.33,20260727_065305
17.66,17.26,1009,68,49.309555578150245,19.76220706945233,3.72,20260727_065305
17.01,16.54,1009,68,49.309555578150245,19.802564442853914,3.46,20260727_065305
17.79,17.37,1009,67,49.309555578150245,19.842921816255497,3.46,20260727_065305
16.67,16.12,1009,66,49.309555578150245,19.88327918965708,3.46,20260727_065305
16.62,16.06,1009,66,49.309555578150245,19.923636563058665,3.46,20260727_065305
16.78,16.21,1009,65,49.309555578150245,19.963993936460252,3.46,20260727_065305
18.21,17.78,1009,65,49.309555578150245,20.004351309861836,3.33,20260727_065305
17.19,16.69,1009,66,49.309555578150245,20.04470868326342,3.33,20260727_065305
16.18,15.6,1009,67,49.309555578150245,20.085066056665003,3.33,20260727_065305
16.38,15.82,1009,67,49.309555578150245,20.125423430066586,3.33,20260727_065305
15.67,14.96,1019,64,49.17035070524409,19.76220706945233,6.37,20260803_064950
18.15,17.69,1019,64,49.17035070524409,19.802564442853914,6.29,20260803_064950
16.49,15.87,1019,64,49.17035070524409,19.842921816255497,6.29,20260803_064950
16.78,16.18,1019,64,49.17035070524409,19.88327918965708,6.29,20260803_064950
19.2,18.82,1019,63,49.17035070524409,19.923636563058665,6.29,20260803_064950
18.71,18.28,1019,63,49.17035070524409,19.963993936460252,6.29,20260803_064950
17.87,17.36,1019,63,49.17035070524409,20.004351309861836,6.35,20260803_064950
14.09,13.2,1019,63,49.17035070524409,20.04470868326342,6.35,20260803_064950
15.47,14.74,1019,64,49.17035070524409,20.085066056665003,6.35,20260803_064950
16.34,15.7,1019,64,49.17035070524409,20.125423430066586,6.35,20260803_064950
15.87,15.18,1019,64,49.18581791334477,19.76220706945233,6.37,20260803_064950
16.41,15.78,1019,64,49.18581791334477,19.802564442853914,6.29,20260803_064950
16.97,16.39,1019,64,49.18581791334477,19.842921816255497,6.29,20260803_064950
15.73,15.0,1019,63,49.18581791334477,19.88327918965708,6.29,20260803_064950
19.47,19.12,1019,63,49.18581791334477,19.923636563058665,6.29,20260803_064950
18.17,17.69,1019,63,49.18581791334477,19.963993936460252,6.29,20260803_064950
17.85,17.34,1019,63,49.18581791334477,20.004351309861836,6.35,20260803_064950
17.38,16.82,1019,63,49.18581791334477,20.04470868326342,6.35,20260803_064950
17.63,17.09,1019,63,49.18581791334477,20.085066056665003,6.35,20260803_064950
19.19,18.81,1019,63,49.18581791334477,20.125423430066586,6.35,20260803_064950
16.93,16.35,1019,64,49.20128512144546,19.76220706945233,6.06,20260803_064950
19.24,18.89,1019,64,49.20128512144546,19.802564442853914,5.97,20260803_064950
17.22,16.64,1019,63,49.20128512144546,19.842921816255497,5.97,20260803_064950
18.82,18.4,1019,63,49.20128512144546,19.88327918965708,5.97,20260803_064950
17.24,16.66,1019,63,49.20128512144546,19.923636563058665,5.97,20260803_064950
19.1,18.71,1019,63,49.20128512144546,19.963993936460252,5.97,20260803_064950
18.65,18.22,1019,63,49.20128512144546,20.004351309861836,6.07,20260803_064950
14.72,13.89,1019,63,49.20128512144546,20.04470868326342,6.07,20260803_064950
17.49,16.94,1019,63,49.20128512144546,20.085066056665003,6.07,20260803_064950
19.13,18.74,1019,63,49.20128512144546,20.125423430066586,6.07,20260803_064950
16.93,16.35,1019,64,49.21675232954614,19.76220706945233,6.06,20260803_064950
19.24,18.89,1019,64,49.21675232954614,19.802564442853914,5.97,20260803_064950
17.22,16.64,1019,63,49.21675232954614,19.842921816255497,5.97,20260803_064950
18.82,18.4,1019,63,49.21675232954614,19.88327918965708,5.97,20260803_064950
17.24,16.66,1019,63,49.21675232954614,19.923636563058665,5.97,20260803_064950
19.1,18.71,1019,63,49.21675232954614,19.963993936460252,5.97,20260803_064950
18.65,18.22,1019,63,49.21675232954614,20.004351309861836,6.07,20260803_064950
14.72,13.89,1019,63,49.21675232954614,20.04470868326342,6.07,20260803_064950
17.49,16.94,1019,63,49.21675232954614,20.085066056665003,6.07,20260803_064950
20.63,20.39,1019,63,49.21675232954614,20.125423430066586,6.07,20260803_064950
18.28,17.83,1019,64,49.23221953764683,19.76220706945233,6.06,20260803_064950
19.3,18.93,1019,63,49.23221953764683,19.802564442853914,5.97,20260803_064950
17.22,16.64,1019,63,49.23221953764683,19.842921816255497,5.97,20260803_064950
20.93,20.72,1019,63,49.23221953764683,19.88327918965708,5.97,20260803_064950
17.24,16.66,1019,63,49.23221953764683,19.923636563058665,5.97,20260803_064950
18.26,17.76,1019,62,49.23221953764683,19.963993936460252,5.97,20260803_064950
18.04,17.52,1019,62,49.23221953764683,20.004351309861836,6.07,20260803_064950
17.68,17.15,1019,63,49.23221953764683,20.04470868326342,6.07,20260803_064950
17.54,16.99,1019,63,49.23221953764683,20.085066056665003,6.07,20260803_064950
21.38,21.22,1019,63,49.23221953764683,20.125423430066586,6.07,20260803_064950
18.28,17.83,1019,64,49.24768674574751,19.76220706945233,6.06,20260803_064950
19.3,18.93,1019,63,49.24768674574751,19.802564442853914,5.97,20260803_064950
17.22,16.64,1019,63,49.24768674574751,19.842921816255497,5.97,20260803_064950
20.93,20.72,1019,63,49.24768674574751,19.88327918965708,5.97,20260803_064950
17.24,16.66,1019,63,49.24768674574751,19.923636563058665,5.97,20260803_064950
18.26,17.76,1019,62,49.24768674574751,19.963993936460252,5.97,20260803_064950
18.04,17.52,1019,62,49.24768674574751,20.004351309861836,6.07,20260803_064950
17.68,17.15,1019,63,49.24768674574751,20.04470868326342,6.07,20260803_064950
17.54,16.99,1019,63,49.24768674574751,20.085066056665003,6.07,20260803_064950
21.38,21.22,1019,63,49.24768674574751,20.125423430066586,6.07,20260803_064950
20.99,20.82,1019,64,49.263153953848196,19.76220706945233,6.06,20260803_064950
19.11,18.75,1019,64,49.263153953848196,19.802564442853914,5.97,20260803_064950
20.57,20.33,1019,63,49.263153953848196,19.842921816255497,5.97,20260803_064950
21.37,21.21,1019,63,49.263153953848196,19.88327918965708,5.97,20260803_064950
19.87,19.56,1019,63,49.263153953848196,19.923636563058665,5.97,20260803_064950
19.97,19.67,1019,63,49.263153953848196,19.963993936460252,5.97,20260803_064950
20.75,20.53,1019,63,49.263153953848196,20.004351309861836,6.07,20260803_064950
19.4,19.04,1019,63,49.263153953848196,20.04470868326342,6.07,20260803_064950
18.97,18.57,1019,63,49.263153953848196,20.085066056665003,6.07,20260803_064950
20.24,19.96,1019,63,49.263153953848196,20.125423430066586,6.07,20260803_064950
22.3,22.26,1019,64,49.27862116194888,19.76220706945233,6.06,20260803_064950
20.9,20.72,1019,64,49.27862116194888,19.802564442853914,5.97,20260803_064950
21.53,21.41,1019,64,49.27862116194888,19.842921816255497,5.97,20260803_064950
21.86,21.77,1019,64,49.27862116194888,19.88327918965708,5.97,20260803_064950
21.81,21.69,1019,63,49.27862116194888,19.923636563058665,5.97,20260803_064950
22.38,22.32,1019,63,49.27862116194888,19.963993936460252,5.97,20260803_064950
22.06,21.97,1019,63,49.27862116194888,20.004351309861836,6.07,20260803_064950
21.39,21.23,1019,63,49.27862116194888,20.04470868326342,6.07,20260803_064950
21.84,21.72,1019,63,49.27862116194888,20.085066056665003,6.07,20260803_064950
20.92,20.71,1019,63,49.27862116194888,20.125423430066586,6.07,20260803_064950
22.3,22.26,1019,64,49.294088370049565,19.76220706945233,6.06,20260803_064950
20.9,20.72,1019,64,49.294088370049565,19.802564442853914,5.97,20260803_064950
21.53,21.41,1019,64,49.294088370049565,19.842921816255497,5.97,20260803_064950
21.86,21.77,1019,64,49.294088370049565,19.88327918965708,5.97,20260803_064950
21.81,21.69,1019,63,49.294088370049565,19.923636563058665,5.97,20260803_064950
22.38,22.32,1019,63,49.294088370049565,19.963993936460252,5.97,20260803_064950
22.06,21.97,1019,63,49.294088370049565,20.004351309861836,6.07,20260803_064950
21.39,21.23,1019,63,49.294088370049565,20.04470868326342,6.07,20260803_064950
21.84,21.72,1019,63,49.294088370049565,20.085066056665003,6.07,20260803_064950
20.92,20.71,1019,63,49.294088370049565,20.125423430066586,6.07,20260803_064950
22.12,22.08,1019,65,49.309555578150245,19.76220706945233,6.06,20260803_064950
21.47,21.37,1019,65,49.309555578150245,19.802564442853914,5.97,20260803_064950
22.24,22.19,1019,64,49.309555578150245,19.842921816255497,5.97,20260803_064950
21.09,20.93,1019,64,49.309555578150245,19.88327918965708,5.97,20260803_064950
21.04,20.87,1019,64,49.309555578150245,19.923636563058665,5.97,20260803_064950
21.17,21.01,1019,64,49.309555578150245,19.963993936460252,5.97,20260803_064950
22.59,22.58,1019,64,49.309555578150245,20.004351309861836,6.07,20260803_064950
22.34,22.3,1019,64,49.309555578150245,20.04470868326342,6.07,20260803_064950
22.26,22.21,1019,64,49.309555578150245,20.085066056665003,6.07,20260803_064950
21.49,21.37,1019,64,49.309555578150245,20.125423430066586,6.07,20260803_064950
8.39,7.12,1019,71,49.17035070524409,19.76220706945233,5.83,20260810_051359
10.85,9.84,1019,71,49.17035070524409,19.802564442853914,5.33,20260810_051359
9.19,8.23,1019,71,49.17035070524409,19.842921816255497,5.33,20260810_051359
9.47,8.65,1019,72,49.17035070524409,19.88327918965708,5.33,20260810_051359
11.88,11.0,1019,72,49.17035070524409,19.923636563058665,5.33,20260810_051359
11.41,10.49,1019,72,49.17035070524409,19.963993936460252,5.33,20260810_051359
10.59,9.61,1019,73,49.17035070524409,20.004351309861836,5.01,20260810_051359
6.83,5.77,1019,73,49.17035070524409,20.04470868326342,5.01,20260810_051359
6.58,5.34,1019,74,49.17035070524409,20.085066056665003,5.01,20260810_051359
7.45,6.24,1019,75,49.17035070524409,20.125423430066586,5.01,20260810_051359
8.56,7.21,1019,71,49.18581791334477,19.76220706945233,5.83,20260810_051359
9.08,7.88,1019,71,49.18581791334477,19.802564442853914,5.33,20260810_051359
9.63,8.59,1019,71,49.18581791334477,19.842921816255497,5.33,20260810_051359
8.38,7.2,1019,72,49.18581791334477,19.88327918965708,5.33,20260810_051359
12.11,11.26,1019,72,49.18581791334477,19.923636563058665,5.33,20260810_051359
10.82,9.84,1019,72,49.18581791334477,19.963993936460252,5.33,20260810_051359
10.52,9.53,1019,73,49.18581791334477,20.004351309861836,5.01,20260810_051359
10.08,9.05,1019,73,49.18581791334477,20.04470868326342,5.01,20260810_051359
8.74,7.74,1019,74,49.18581791334477,20.085066056665003,5.01,20260810_051359
10.3,9.32,1019,74,49.18581791334477,20.125423430066586,5.01,20260810_051359
9.61,8.39,1019,71,49.20128512144546,19.76220706945233,5.7,20260810_051359
11.9,11.0,1019,71,49.20128512144546,19.802564442853914,5.33,20260810_051359
9.86,8.77,1019,71,49.20128512144546,19.842921816255497,5.33,20260810_051359
11.46,10.54,1019,72,49.20128512144546,19.88327918965708,5.33,20260810_051359
9.86,8.92,1019,72,49.20128512144546,19.923636563058665,5.33,20260810_051359
11.73,10.84,1019,72,49.20128512144546,19.963993936460252,5.33,20260810_051359
11.29,10.38,1019,73,49.20128512144546,20.004351309861836,4.95,20260810_051359
7.38,6.09,1019,73,49.20128512144546,20.04470868326342,4.95,20260810_051359
10.16,9.16,1019,74,49.20128512144546,20.085066056665003,4.95,20260810_051359
10.24,9.25,1019,74,49.20128512144546,20.125423430066586,4.95,20260810_051359
9.61,8.39,1019,71,49.21675232954614,19.76220706945233,5.7,20260810_051359
11.9,11.0,1019,71,49.21675232954614,19.802564442853914,5.33,20260810_051359
9.86,8.77,1019,71,49.21675232954614,19.842921816255497,5.33,20260810_051359
11.46,10.54,1019,72,49.21675232954614,19.88327918965708,5.33,20260810_051359
9.86,8.92,1019,72,49.21675232954614,19.923636563058665,5.33,20260810_051359
11.73,10.84,1019,72,49.21675232954614,19.963993936460252,5.33,20260810_051359
11.29,10.38,1019,73,49.21675232954614,20.004351309861836,4.95,20260810_051359
7.38,6.09,1019,73,49.21675232954614,20.04470868326342,4.95,20260810_051359
10.16,9.16,1019,74,49.21675232954614,20.085066056665003,4.95,20260810_051359
13.34,12.66,1019,74,49.21675232954614,20.125423430066586,4.95,20260810_051359
10.96,9.97,1019,71,49.23221953764683,19.76220706945233,5.7,20260810_051359
11.96,11.07,1019,71,49.23221953764683,19.802564442853914,5.33,20260810_051359
9.86,8.73,1019,71,49.23221953764683,19.842921816255497,5.33,20260810_051359
13.56,12.85,1019,72,49.23221953764683,19.88327918965708,5.33,20260810_051359
9.86,8.83,1019,72,49.23221953764683,19.923636563058665,5.33,20260810_051359
10.87,9.89,1019,72,49.23221953764683,19.963993936460252,5.33,20260810_051359
10.67,9.7,1019,73,49.23221953764683,20.004351309861836,4.95,20260810_051359
10.33,9.32,1019,73,49.23221953764683,20.04470868326342,4.95,20260810_051359
10.2,9.18,1019,73,49.23221953764683,20.085066056665003,4.95,20260810_051359
14.07,13.46,1019,74,49.23221953764683,20.125423430066586,4.95,20260810_051359
10.96,9.97,1019,71,49.24768674574751,19.76220706945233,5.7,20260810_051359
11.96,11.07,1019,71,49.24768674574751,19.802564442853914,5.33,20260810_051359
9.86,8.73,1019,71,49.24768674574751,19.842921816255497,5.33,20260810_051359
13.56,12.85,1019,72,49.24768674574751,19.88327918965708,5.33,20260810_051359
9.86,8.83,1019,72,49.24768674574751,19.923636563058665,5.33,20260810_051359
10.87,9.89,1019,72,49.24768674574751,19.963993936460252,5.33,20260810_051359
10.67,9.7,1019,73,49.24768674574751,20.004351309861836,4.95,20260810_051359
10.33,9.32,1019,73,49.24768674574751,20.04470868326342,4.95,20260810_051359
10.2,9.18,1019,73,49.24768674574751,20.085066056665003,4.95,20260810_051359
14.07,13.46,1019,74,49.24768674574751,20.125423430066586,4.95,20260810_051359
13.71,12.99,1019,71,49.263153953848196,19.76220706945233,5.7,20260810_051359
11.8,10.89,1019,71,49.263153953848196,19.802564442853914,5.33,20260810_051359
13.23,12.49,1019,72,49.263153953848196,19.842921816255497,5.33,20260810_051359
14.02,13.36,1019,72,49.263153953848196,19.88327918965708,5.33,20260810_051359
12.5,11.69,1019,72,49.263153953848196,19.923636563058665,5.33,20260810_051359
12.6,11.8,1019,72,49.263153953848196,19.963993936460252,5.33,20260810_051359
13.4,12.7,1019,73,49.263153953848196,20.004351309861836,4.95,20260810_051359
12.06,11.23,1019,73,49.263153953848196,20.04470868326342,4.95,20260810_051359
11.63,10.75,1019,73,49.263153953848196,20.085066056665003,4.95,20260810_051359
12.93,12.21,1019,74,49.263153953848196,20.125423430066586,4.95,20260810_051359
15.05,14.46,1019,71,49.27862116194888,19.76220706945233,5.7,20260810_051359
13.62,12.92,1019,72,49.27862116194888,19.802564442853914,5.33,20260810_051359
14.23,13.59,1019,72,49.27862116194888,19.842921816255497,5.33,20260810_051359
14.56,13.95,1019,72,49.27862116194888,19.88327918965708,5.33,20260810_051359
14.48,13.86,1019,72,49.27862116194888,19.923636563058665,5.33,20260810_051359
15.06,14.53,1019,73,49.27862116194888,19.963993936460252,5.33,20260810_051359
14.75,14.19,1019,73,49.27862116194888,20.004351309861836,4.95,20260810_051359
14.09,13.46,1019,73,49.27862116194888,20.04470868326342,4.95,20260810_051359
14.54,13.96,1019,73,49.27862116194888,20.085066056665003,4.95,20260810_051359
13.64,12.99,1019,74,49.27862116194888,20.125423430066586,4.95,20260810_051359
15.05,14.46,1019,71,49.294088370049565,19.76220706945233,5.7,20260810_051359
13.62,12.92,1019,72,49.294088370049565,19.802564442853914,5.33,20260810_051359
14.23,13.59,1019,72,49.294088370049565,19.842921816255497,5.33,20260810_051359
14.56,13.95,1019,72,49.294088370049565,19.88327918965708,5.33,20260810_051359
14.48,13.86,1019,72,49.294088370049565,19.923636563058665,5.33,20260810_051359
15.06,14.53,1019,73,49.294088370049565,19.963993936460252,5.33,20260810_051359
14.75,14.19,1019,73,49.294088370049565,20.004351309861836,4.95,20260810_051359
14.09,13.46,1019,73,49.294088370049565,20.04470868326342,4.95,20260810_051359
14.54,13.96,1019,73,49.294088370049565,20.085066056665003,4.95,20260810_051359
13.64,12.99,1019,74,49.294088370049565,20.125423430066586,4.95,20260810_051359
14.93,14.36,1019,72,49.309555578150245,19.76220706945233,5.7,20260810_051359
14.26,13.62,1019,72,49.309555578150245,19.802564442853914,5.33,20260810_051359
15.01,14.45,1019,72,49.309555578150245,19.842921816255497,5.33,20260810_051359
13.86,13.18,1019,72,49.309555578150245,19.88327918965708,5.33,20260810_051359
13.79,13.13,1019,73,49.309555578150245,19.923636563058665,5.33,20260810_051359
13.92,13.27,1019,73,49.309555578150245,19.963993936460252,5.33,20260810_051359
15.35,14.85,1019,73,49.309555578150245,20.004351309861836,4.95,20260810_051359
15.1,14.57,1019,73,49.309555578150245,20.04470868326342,4.95,20260810_051359
15.02,14.48,1019,73,49.309555578150245,20.085066056665003,4.95,20260810_051359
14.26,13.67,1019,74,49.309555578150245,20.125423430066586,4.95,20260810_051359
